player,rank,age,elo,recent_form,bp_pressure,grass_elo,grass_form,clay_elo,clay_form,hard_elo,hard_form
Aaron Gil Garcia,1361.0,21.947,1486.4867342669477,0.5,5.0,1500.0,0.5,1486.4044555026792,0.5,1500.0,0.5
Abdullah Shelbayh,267.0,21.257,1430.6896319895204,0.2,7.1,1454.4239339480275,0.5,1483.2157703576922,0.3333333333333333,1448.488467561948,0.25
Adam Hornby,2000.0,21.708,1500.0,0.5,5.0,1500.0,0.5,1500.0,0.5,1500.0,0.5
Adam Moundir,720.0,27.937,1500.0,0.5,5.0,1500.0,0.5,1500.0,0.5,1500.0,0.5
Adam Neff,829.0,22.686,1490.7610034152565,0.5,5.0,1500.0,0.5,1500.0,0.5,1488.7104849960922,0.5
Adam Pavlasek,185.0,23.636,1482.8110787453859,0.2857142857142857,9.285714285714286,1500.0,0.5,1504.144424388005,0.5,1446.7216573784265,0.5
Adam Walton,97.0,27.113,1579.4927876880697,0.4,7.8,1472.6406909425305,0.4,1511.6700478205123,0.4444444444444444,1559.7246422388737,0.3
Adolfo Daniel Vallejo,71.0,22.081,1665.97627236557,0.7,5.9,1500.0,0.5,1634.6036939134895,0.7,1500.0,0.5
Adria Soriano Barrera,390.0,26.705,1513.790000927862,0.6666666666666666,5.0,1500.0,0.5,1482.4388515481412,0.5,1500.0,0.5
Adrian Andreev,319.0,20.378,1475.295585049585,0.2857142857142857,8.428571428571429,1500.0,0.5,1500.0,0.5,1475.918824616051,0.2857142857142857
Adrian Bodmer,485.0,22.913,1471.7463872414644,0.5,5.0,1500.0,0.5,1500.0,0.5,1468.8688327424852,0.5
Adrian Boitan,306.0,26.722,1483.9818185618349,0.5,5.0,1500.0,0.5,1483.6978420371602,0.5,1500.0,0.5
Adrian Mannarino,44.0,37.966,1602.9044933958298,0.4,8.7,1647.0326793608629,0.7,1211.256971355595,0.1,1639.47005870488,0.6
Adrian Menendez-Maceiras,139.0,33.443,1380.2932820504948,0.3,8.4,1516.3333778537924,0.5,1403.916870916684,0.0,1484.6884394201566,0.375
Adrian Ungur,674.0,33.645,1516.0844374379574,0.5,5.0,1500.0,0.5,1483.3876974884897,0.5,1516.0,0.5
Adrien Bossel,485.0,30.103,1500.0,0.5,5.0,1500.0,0.5,1500.0,0.5,1500.0,0.5
Agustin Velotti,184.0,24.706,1483.2103048605286,0.5,5.0,1500.0,0.5,1483.2565480692822,0.5,1500.0,0.5
Ainius Sabaliauskas,2000.0,14.527,1500.0,0.5,5.0,1500.0,0.5,1500.0,0.5,1500.0,0.5
Aisam-Ul-Haq Qureshi,2000.0,43.882,1546.7820811017052,0.625,4.0,1517.6511633585962,0.5714285714285714,1500.0,0.5,1516.0,0.5
Ajeet Rai,498.0,25.656,1407.4701855753015,0.0,9.666666666666666,1500.0,0.5,1500.0,0.5,1408.390786040844,0.0
Akira Santillan,163.0,20.345,1452.5825670677482,0.3333333333333333,3.8333333333333335,1516.0,0.5,1486.80013206597,0.5,1466.0751032182447,0.3333333333333333
Alaa Trifi,1171.0,19.082,1488.2640805583137,0.5,5.0,1500.0,0.5,1500.0,0.5,1488.9985253266677,0.5
Alan Fernando Rubio Fierros,707.0,25.613,1498.111993637157,0.5,5.0,1500.0,0.5,1500.0,0.5,1498.0281545114713,0.5
Alan Magadan,818.0,24.723,1458.2177806148104,0.5,5.0,1500.0,0.5,1500.0,0.5,1470.1472476409676,0.5
Alastair Gray,288.0,24.014,1444.812562328827,0.5,5.0,1425.5034838245601,0.5,1500.0,0.5,1500.0,0.5
Albert Montanes,312.0,36.408,1481.9241984702187,0.5,5.0,1500.0,0.5,1484.322433664258,0.5,1500.0,0.5
Albert Ramos-Vinolas,122.0,36.608,1426.783877515999,0.3,7.1,1313.4608352167563,0.2,1485.5673985689946,0.4,1362.3108132728441,0.1
Alberto Emmanuel Alvarado Larin,2000.0,23.176,1454.4219026582168,0.5,5.0,1500.0,0.5,1500.0,0.5,1453.2858821799973,0.5
Alberto Lim,1371.0,18.721,1498.4441679122178,0.5,5.0,1500.0,0.5,1500.0,0.5,1498.4441679122178,0.5
Aldin Setkic,165.0,29.821,1485.9704412213632,0.5,5.0,1500.0,0.5,1500.0,0.5,1485.9380765861779,0.5
Alec Beckley,641.0,23.242,1500.0,0.5,5.0,1500.0,0.5,1500.0,0.5,1500.0,0.5
Alejandro Davidovich Fokina,22.0,27.039,1722.608915897449,0.5,9.7,1615.3951067551081,0.7,1669.3447532017447,0.5,1767.660785388198,0.6
Alejandro Falla,310.0,33.232,1481.5260664879168,0.5,5.0,1500.0,0.5,1484.0,0.5,1500.0,0.5
Alejandro Gonzalez,453.0,33.068,1538.9498550609921,0.5,7.0,1500.0,0.5,1455.865286027562,0.5,1549.9801183951495,0.6666666666666666
Alejandro Mendoza,1290.0,28.003,1484.0,0.5,5.0,1500.0,0.5,1484.0,0.5,1500.0,0.5
Alejandro Moro Canas,169.0,24.06,1485.8917425932477,0.3333333333333333,9.333333333333334,1482.6524889047812,0.5,1500.0,0.5,1488.6058146679482,0.5
Alejandro Tabilo,31.0,29.038,1743.8099000491293,0.5,5.4,1603.2103150190565,0.8,1686.9403885668623,0.5,1633.9207034713218,0.5
Aleksandar Kovacevic,68.0,27.797,1582.7014468149514,0.3,5.7,1436.4295939155113,0.25,1453.9880154701038,0.3,1590.794090913639,0.5
Aleksandar Vukic,96.0,30.133,1526.4825123553317,0.4,6.3,1490.4422914100342,0.4,1390.4068667498616,0.2,1569.7001379445378,0.4
Aleksandr Nedovyesov,195.0,30.141,1500.0,0.5,5.0,1500.0,0.5,1500.0,0.5,1500.0,0.5
Aleksandre Bakshi,512.0,27.168,1469.3591906720771,0.5,5.0,1500.0,0.5,1500.0,0.5,1484.5654846122907,0.5
Aleksandre Metreveli,570.0,28.4,1469.298050499775,0.3333333333333333,7.666666666666667,1500.0,0.5,1500.0,0.5,1459.5665118655343,0.3333333333333333
Alen Avidzba,498.0,19.636,1500.0,0.5,5.0,1500.0,0.5,1500.0,0.5,1500.0,0.5
Alessandro Bega,351.0,26.552,1479.9159181619248,0.5,5.0,1500.0,0.5,1500.0,0.5,1487.5587777403955,0.5
Alessandro Giannessi,224.0,32.843,1416.4650002784156,0.3,13.4,1500.0,0.5,1476.1772861412578,0.4,1400.280749988044,0.2
Alex Barrena,183.0,23.373,1458.6057658328182,0.5,5.0,1500.0,0.5,1456.894855020019,0.5,1500.0,0.5
Alex Bolt,165.0,33.238,1577.3698614331574,0.4,5.8,1406.1695542238667,0.3,1528.0324886005433,0.5,1519.6847327880432,0.3
Alex De Minaur,6.0,27.321,1556.4434863674292,0.6666666666666666,6.666666666666667,1544.5541976166462,0.5,1490.121928188083,0.5,1527.9536435955208,0.5
Alex Diaz,2000.0,20.507,1500.0,0.5,5.0,1500.0,0.5,1500.0,0.5,1500.0,0.5
Alex Hernandez,493.0,26.059,1495.960284057278,0.3333333333333333,8.333333333333334,1500.0,0.5,1500.0,0.5,1486.54974571503,0.3333333333333333
Alex Knaff,2000.0,28.219,1519.7799194938825,0.6,5.2,1500.0,0.5,1478.6809569077589,0.5,1569.394011650152,0.5
Alex Michelsen,42.0,21.758,1767.6909827468633,0.5,6.0,1616.7478904757984,0.6,1549.5560625317664,0.5,1792.5064319316466,0.7
Alex Molcan,166.0,28.378,1745.4006567234421,0.7,4.2,1521.6668704441972,0.5,1747.7657276465295,0.8,1596.23510356966,0.6
Alex Rybakov,378.0,26.026,1492.0019544993195,0.5,5.0,1500.0,0.5,1500.0,0.5,1490.9519686754568,0.5
Alex Santino Nunez Vera,112.0,18.504,1484.0,0.5,5.0,1500.0,0.5,1484.0,0.5,1500.0,0.5
Alex de Minaur,6.0,27.335,1875.0325431178408,0.8,8.2,1785.8441814679363,0.8,1811.8151298339506,0.6,1915.9601020457803,0.7
Alexandar Lazarov,709.0,25.999,1427.8257028339397,0.16666666666666666,6.0,1500.0,0.5,1500.0,0.5,1415.1108387990162,0.16666666666666666
Alexander Blockx,37.0,21.125,1850.039800249445,0.7,5.4,1482.731827605314,0.5,1780.4763085798274,0.7,1570.1536216525246,0.6
Alexander Bublik,11.0,28.997,1738.0976343892878,0.5,5.3,1758.329562626235,0.8,1720.563592390891,0.5,1787.8499220267183,0.6
Alexander Donski,1529.0,19.515,1482.5068201109714,0.5,5.0,1500.0,0.5,1500.0,0.5,1481.7897634563049,0.5
Alexander Erler,337.0,23.745,1525.559750960419,0.5,5.0,1500.0,0.5,1524.3224269968541,0.5,1500.0,0.5
Alexander Fairbanks,2000.0,21.977,1486.6090898256734,0.5,5.0,1500.0,0.5,1484.0,0.5,1500.0,0.5
Alexander Ritschard,125.0,31.02,1463.6553526643256,0.3,8.3,1500.0,0.5,1449.7810756472888,0.3333333333333333,1509.2569612033349,0.5
Alexander Sarkissian,478.0,31.294,1500.0,0.5,5.0,1500.0,0.5,1500.0,0.5,1500.0,0.5
Alexander Shevchenko,88.0,25.651,1614.2537423368935,0.4,5.5,1445.3382722823023,0.25,1528.3376814806672,0.5,1669.3503664829243,0.5
Alexander Vasilev,1025.0,18.757,1570.987707029811,0.5,5.0,1500.0,0.5,1537.6639431362041,0.5,1500.0,0.5
Alexander Ward,869.0,27.176,1481.1770393045392,0.5,5.0,1481.373262355635,0.5,1500.0,0.5,1500.0,0.5
Alexander Zgirovsky,1233.0,20.192,1500.0,0.5,5.0,1500.0,0.5,1500.0,0.5,1500.0,0.5
Alexander Zverev,3.0,29.166,2146.503810093768,1.0,3.1,1758.0565623099249,0.7,2018.3315034037319,0.8,2036.0033933566147,0.8
Alexandr Cozbinov,2000.0,24.684,1448.8524262030046,0.5,5.0,1500.0,0.5,1500.0,0.5,1450.9076405989083,0.5
Alexandr Dolgopolov,54.0,29.514,1595.6625536939985,0.5,7.4,1490.0306657953395,0.5,1518.5809383531437,0.5,1609.961902747354,0.5
Alexandre Muller,127.0,29.311,1509.9082137135524,0.3,7.9,1491.179436044521,0.3333333333333333,1551.745932777802,0.4,1562.6571978378568,0.5
Alexandros Skorilas,1199.0,21.509,1516.0,0.5,5.0,1500.0,0.5,1500.0,0.5,1516.0,0.5
Alexei Popyrin,90.0,26.864,1655.299209518052,0.4,4.6,1425.0340812805462,0.4,1718.8848988980608,0.5,1531.383816612309,0.2
Alexey Vatutin,336.0,31.964,1389.1974840602252,0.25,9.375,1500.0,0.5,1464.0122982258365,0.4,1432.7314530869444,0.5
Alexios Halebian,644.0,23.146,1484.7584449480767,0.5,5.0,1500.0,0.5,1500.0,0.5,1486.4169054715198,0.5
Alexis Galarneau,187.0,27.272,1542.1322817964012,0.375,6.25,1500.0,0.5,1500.0,0.5,1549.6471809758814,0.5
Alexis Klegou,1881.0,33.103,1500.0,0.5,5.0,1500.0,0.5,1500.0,0.5,1500.0,0.5
Alibek Kachmazov,183.0,22.908,1507.6955606193526,0.4,6.2,1500.0,0.5,1500.0,0.5,1496.3139390617544,0.4
Aljaz Bedene,347.0,33.114,1458.9316938694094,0.3,9.6,1435.4540530227994,0.3,1528.8033511297353,0.4,1525.9045746875488,0.4
Altug Celikbilek,371.0,27.403,1565.6246406556638,0.6,6.7,1511.8720564872795,0.5,1471.4885405481339,0.5,1574.155375623807,0.6
Alvaro Guillen Meza,201.0,23.118,1510.6308429843803,0.5,6.25,1500.0,0.5,1519.620107605112,0.5,1500.0,0.5
Alvaro Lopez San Martin,298.0,25.969,1500.0,0.5,5.0,1500.0,0.5,1500.0,0.5,1500.0,0.5
Amine Ahouda,727.0,20.575,1489.5840835740305,0.5,6.0,1500.0,0.5,1526.673867066428,0.6666666666666666,1500.0,0.5
Amir Hossein Badi,2000.0,19.154,1484.0,0.5,5.0,1500.0,0.5,1500.0,0.5,1484.0,0.5
Amir Omarkhanov,1137.0,17.906,1500.0,0.5,5.0,1500.0,0.5,1500.0,0.5,1500.0,0.5
Amir Weintraub,2000.0,32.923,1480.8910970904333,0.5,5.0,1500.0,0.5,1500.0,0.5,1481.944520274266,0.5
Amit Vales,876.0,20.693,1459.863002386818,0.5,5.0,1500.0,0.5,1500.0,0.5,1468.2029641513725,0.5
Amr Elsayed Abdou Ah Mohamed,2000.0,24.917,1530.5304984710244,0.5,5.0,1500.0,0.5,1530.5304984710244,0.5,1500.0,0.5
Andrea Arnaboldi,267.0,33.027,1461.0825742219297,0.3333333333333333,5.666666666666667,1500.0,0.5,1503.668891351623,0.5,1483.3894783793064,0.5
Andrea Basso,416.0,25.593,1500.0,0.5,5.0,1500.0,0.5,1500.0,0.5,1500.0,0.5
Andrea Collarini,264.0,32.474,1467.8115297181207,0.5,5.0,1500.0,0.5,1467.952537441871,0.5,1500.0,0.5
Andrea Pellegrino,124.0,29.172,1689.4788076393677,0.6,5.9,1500.0,0.5,1655.0619169904678,0.6,1500.0,0.5
Andrea Vavassori,282.0,30.757,1609.6491520793297,0.4,6.5,1468.5874269603748,0.5,1542.9178769492287,0.4,1559.0969235161292,0.5
Andreas Haider-Maurer,412.0,31.184,1297.6466616426596,0.0,9.5,1485.5300071982472,0.5,1365.6559811800207,0.0,1414.0454359897608,0.0
Andreas Seppi,141.0,38.289,1476.2220752508017,0.4,8.6,1529.397759939114,0.5,1320.0337650671388,0.0,1464.307597295129,0.3
Andrej Martin,115.0,32.364,1496.1224950064686,0.5,11.7,1500.0,0.5,1510.868361498134,0.5,1417.9798035172353,0.0
Andrej Nedic,285.0,21.331,1442.1411490738897,0.5,5.0,1500.0,0.5,1500.0,0.5,1469.4695015289756,0.5
Andres Andrade,257.0,27.17,1527.032051476377,0.6,5.0,1500.0,0.5,1536.6213978767835,0.6666666666666666,1501.5786819142893,0.5
Andres Martin,483.0,23.042,1501.2573379620583,0.3333333333333333,6.0,1500.0,0.5,1500.0,0.5,1488.5005174708192,0.3333333333333333
Andrew Harris,232.0,26.908,1504.6059291339723,0.5,5.0,1500.0,0.5,1500.0,0.5,1497.8767197108943,0.5
Andrew Whittington,211.0,23.893,1480.0452915741735,0.5,5.0,1484.0,0.5,1500.0,0.5,1500.0,0.5
Andrey Kuznetsov,1134.0,32.493,1453.2893083941035,0.3,6.6,1458.0559277135212,0.5,1499.0203019107216,0.5,1409.4284083869675,0.3
Andrey Rublev,13.0,28.654,1861.768017091842,0.6,9.5,1682.988192862637,0.5,1814.4635075261308,0.7,1748.4716618882937,0.6
Andy Murray,129.0,37.092,1533.0967834108608,0.4,5.5,1566.0312551632303,0.4,1526.8139678897253,0.4,1613.6289865791814,0.3
Anil Yuksel,502.0,26.886,1453.534201433377,0.5,5.0,1500.0,0.5,1484.0,0.5,1483.2637648062316,0.5
Anoosha Shahgholi,1865.0,35.233,1500.0,0.5,5.0,1500.0,0.5,1500.0,0.5,1500.0,0.5
Ante Pavic,486.0,27.912,1500.0,0.5,5.0,1500.0,0.5,1500.0,0.5,1500.0,0.5
Anthony Jackie Tang,1519.0,19.19,1515.876811890214,0.5,5.0,1500.0,0.5,1500.0,0.5,1515.876811890214,0.5
Anthony Susanto,2043.0,26.7,1469.4695015289756,0.5,5.0,1500.0,0.5,1500.0,0.5,1469.4695015289756,0.5
Antoine Bellier,190.0,26.303,1557.9455622400678,0.5,6.375,1516.262627684584,0.5,1500.0,0.5,1483.8372311545957,0.3333333333333333
Antoine Escoffier,172.0,31.915,1500.0,0.5,5.0,1500.0,0.5,1500.0,0.5,1500.0,0.5
Antoine Hoang,155.0,25.878,1482.4667014385059,0.3,9.6,1500.0,0.5,1529.191028092822,0.6666666666666666,1410.6704756736458,0.2
Anton Shepp,906.0,23.293,1481.3598624268454,0.5,5.0,1500.0,0.5,1500.0,0.5,1482.597626351594,0.5
Aqeel Khan,2000.0,44.624,1524.9455446619786,0.6,9.4,1539.4972216505032,0.6666666666666666,1500.0,0.5,1533.2055471453416,0.5
Arda Azkara,551.0,22.5,1500.0,0.5,5.0,1500.0,0.5,1500.0,0.5,1500.0,0.5
Aristotelis Thanos,1433.0,22.825,1538.516568306043,0.5,5.0,1500.0,0.5,1516.0,0.5,1506.9862597242525,0.5
Arjun Kadhe,778.0,28.066,1429.0023293421536,0.0,10.0,1500.0,0.5,1500.0,0.5,1404.9930674112159,0.0
Artem Dubrivnyy,424.0,20.701,1500.0,0.5,5.0,1500.0,0.5,1500.0,0.5,1500.0,0.5
Artem Sitak,2000.0,30.919,1482.9052592385933,0.5,5.0,1500.0,0.5,1500.0,0.5,1482.9052592385933,0.5
Artem Smirnov,505.0,30.001,1392.1022024931635,0.5,5.0,1500.0,0.5,1500.0,0.5,1445.8457388936474,0.5
Arthur Cazaux,73.0,23.578,1675.309610402496,0.5,5.4,1492.0430463406176,0.3333333333333333,1530.7682830967626,0.3,1588.7348351695182,0.5
Arthur De Greef,202.0,26.85,1413.1878814080624,0.2857142857142857,9.142857142857142,1500.0,0.5,1422.3133744353836,0.25,1500.0425186314694,0.5
Arthur Fery,140.0,23.937,1571.8709552735431,0.5,8.8,1510.18569791319,0.5,1500.0,0.5,1527.820455027629,0.5
Arthur Fils,17.0,21.906,2048.524483084466,0.9,4.6,1536.9633881503214,0.42857142857142855,1939.806923788622,0.9,1939.004575847328,0.8
Arthur Gea,135.0,21.388,1519.263583886948,0.42857142857142855,5.714285714285714,1500.0,0.5,1447.3736513166239,0.5,1585.1778554029786,0.6
Arthur Rinderknech,24.0,30.899,1668.52657616518,0.5,5.3,1542.1554226458516,0.5,1661.3721281463568,0.6,1730.0944112566353,0.5
Aslan Karatsev,139.0,31.11,1534.3625642467682,0.2,7.5,1474.954249596521,0.3,1548.312353899471,0.5,1542.921075560536,0.4
Attila Balazs,1018.0,34.916,1448.727848955564,0.2,9.0,1500.0,0.5,1581.8318955267164,0.6,1385.9874814982293,0.0
August Holmgren,199.0,27.817,1565.4746755094086,0.6,6.2,1548.1217650155104,0.5,1500.0,0.5,1519.8793778394654,0.6
Austin Krajicek,274.0,27.086,1500.0,0.5,5.0,1500.0,0.5,1500.0,0.5,1500.0,0.5
Aziz Dougaz,211.0,27.918,1471.4288956876528,0.5,7.2,1500.0,0.5,1509.175293382599,0.5,1466.0730395454736,0.375
Aziz Ouakaa,621.0,26.524,1414.3102289250135,0.25,7.25,1500.0,0.5,1500.0,0.5,1385.2165958757103,0.0
Beibit Zhukayev,237.0,25.002,1521.218174144863,0.3,5.3,1487.7962232315929,0.5,1500.0,0.5,1520.373686113772,0.3333333333333333
Ben Patael,562.0,22.76,1481.7236217664854,0.5,5.0,1500.0,0.5,1482.6899382187178,0.5,1500.0,0.5
Ben Shelton,5.0,23.693,1888.128509047886,0.8,5.2,1782.945357639391,0.9,1701.1740446553858,0.7,1889.5495760380848,0.8
Benedict Badza,2000.0,18.877,1500.0,0.5,5.0,1500.0,0.5,1500.0,0.5,1500.0,0.5
Benjamin Balleret,2000.0,41.665,1464.4703442620144,0.5,5.0,1500.0,0.5,1464.700437646106,0.5,1500.0,0.5
Benjamin Becker,163.0,35.759,1437.2519603073588,0.5,5.0,1500.0,0.5,1500.0,0.5,1470.7359777687311,0.5
Benjamin Bonzi,99.0,30.007,1723.3105619741873,0.5,6.7,1540.7365562396221,0.4,1526.794776066029,0.4,1666.5288198838296,0.5
Benjamin Hannestad,1094.0,20.583,1484.713787964887,0.5,5.0,1500.0,0.5,1500.0,0.5,1486.6620548458488,0.5
Benjamin Hassan,289.0,31.053,1504.5210848280424,0.5,6.3,1500.0,0.5,1574.117825995189,0.6,1480.0551950298604,0.5
Benjamin Lock,348.0,30.919,1451.1398884232442,0.4,9.2,1500.0,0.5,1500.0,0.5,1489.335123132005,0.5
Benoit Paire,227.0,35.187,1311.450034277669,0.1,9.8,1465.570306598635,0.3,1331.1254041706713,0.1,1441.8388621747686,0.1
Bernabe Zapata Miralles,144.0,27.14,1385.6181291687515,0.1,8.6,1375.993330316375,0.0,1558.965349517036,0.3,1320.54098630475,0.2
Bernard Tomic,181.0,32.977,1482.8095767958575,0.4,8.4,1478.8545222125897,0.5,1341.5278485198712,0.1,1503.0127200594645,0.4
Billy Harris,128.0,30.946,1518.906435680771,0.4,6.5,1548.1228214682874,0.5,1486.0448994612818,0.5,1418.6486373058797,0.2
Bjorn Fratangelo,695.0,30.031,1474.4913279310283,0.4,7.1,1535.2031867767394,0.75,1407.3482340807382,0.3,1488.2756106908766,0.4
Blaise Bicknell,319.0,22.188,1496.8565158036536,0.5,5.0,1500.0,0.5,1500.0,0.5,1500.0,0.5
Blake Mott,481.0,24.783,1454.9793588082766,0.5,5.0,1500.0,0.5,1500.0,0.5,1455.944119468151,0.5
Blaz Kavcic,285.0,33.005,1363.118188361145,0.2,8.0,1495.374600152547,0.5,1500.0,0.5,1362.3449863887372,0.125
Blaz Rola,179.0,31.411,1419.0295651159718,0.0,8.333333333333334,1500.0,0.5,1467.349469295669,0.5,1458.6977345895536,0.5
Bogdan Borza,797.0,20.832,1500.0,0.5,5.0,1500.0,0.5,1500.0,0.5,1500.0,0.5
Bor Artnak,467.0,21.697,1492.2275163851461,0.5,5.0,1500.0,0.5,1492.0674261372294,0.5,1500.0,0.5
Boris Arias,2000.0,30.234,1516.0,0.5,5.0,1500.0,0.5,1516.0,0.5,1500.0,0.5
Borna Coric,105.0,28.77,1415.3715956463204,0.2,7.1,1511.8875395821676,0.4,1577.5990414191035,0.4,1420.7004191956653,0.2
Borna Gojo,255.0,27.222,1557.0614455554287,0.2,4.8,1461.5143339997605,0.5,1411.4109809104552,0.16666666666666666,1639.4667703453047,0.5
Botic Van De Zandschulp,56.0,30.705,1509.6433330763728,0.3333333333333333,5.333333333333333,1500.0,0.5,1528.6206518538713,0.5,1500.0,0.5
Botic van de Zandschulp,56.0,30.697,1674.8605939138454,0.6,8.3,1492.9440067398127,0.3,1628.4120980344699,0.8,1675.8316100111929,0.5
Bradley Klahn,797.0,32.945,1375.6880288833652,0.3,6.6,1490.4123402110322,0.4,1446.5482527750914,0.5,1396.6512313055175,0.3
Brandon Holt,110.0,27.384,1378.0280227802903,0.1,7.1,1492.6408034075139,0.5,1482.1826942556836,0.5,1369.3091414054054,0.1
Brandon Nakashima,32.0,24.879,1764.2229313480796,0.6,3.9,1693.8625376831155,0.7,1579.7533861531267,0.5,1694.0783540643854,0.6
Brandon Perez,1921.0,21.678,1440.7282537643255,0.5,5.0,1500.0,0.5,1500.0,0.5,1468.283495655053,0.5
Branko Djuric,489.0,21.01,1424.960943514716,0.5,5.0,1500.0,0.5,1484.0,0.5,1450.1138771862632,0.5
Brayden Schnur,238.0,26.502,1273.629183091333,0.0,9.6,1421.4154719393473,0.5,1500.0,0.5,1323.840902382582,0.0
Brian Shi,2000.0,19.962,1500.0,0.5,5.0,1500.0,0.5,1500.0,0.5,1500.0,0.5
Brydan Klein,235.0,27.581,1463.1170998886705,0.3333333333333333,6.0,1488.49217550104,0.5,1500.0,0.5,1482.4736563228194,0.5
Caleb Chakravarthi,2000.0,23.099,1500.0,0.5,5.0,1500.0,0.5,1500.0,0.5,1500.0,0.5
Calvin Hemery,171.0,30.459,1361.6261912586522,0.125,6.75,1500.0,0.5,1446.2459507387773,0.25,1400.93787958685,0.0
Cameron Norrie,29.0,30.815,1710.7625626728575,0.4,7.4,1659.1017065710332,0.6,1719.1517353524719,0.5,1746.7188872720424,0.6
Camilo Ugo Carabelli,59.0,26.943,1670.214554071,0.5,7.7,1437.7691134856193,0.5,1627.821978933726,0.5,1526.435271928873,0.3
Carlos Alcaraz,2.0,22.943,2240.249490658372,0.7,3.4,1966.1207674950365,1.0,2165.0853943830184,0.9,2177.8953776210456,0.9
Carlos Berlocq,177.0,36.175,1325.7666231774597,0.2,7.5,1452.769025843264,0.3333333333333333,1324.2478206660523,0.1,1489.5349956514904,0.5
Carlos Gimeno Valero,369.0,20.851,1495.3690781278983,0.5,5.0,1500.0,0.5,1483.2604987778989,0.5,1500.0,0.5
Carlos Taberner,99.0,28.452,1583.6020541357154,0.5,7.2,1479.097884692077,0.5,1452.4858084737136,0.2,1485.6613394887963,0.4
Casper Ruud,16.0,27.441,1979.9118884045984,0.8,6.2,1481.544388502587,0.4,1962.200017855309,0.8,1778.7498956088848,0.6
Cayetano March,700.0,21.667,1500.0,0.5,5.0,1500.0,0.5,1500.0,0.5,1500.0,0.5
Cedrik-Marcel Stebe,231.0,31.332,1454.42951473254,0.3,8.1,1454.2857979838254,0.5,1560.511486588598,0.6,1478.5192641341455,0.4
Cem Ilkel,284.0,28.452,1389.512729653296,0.4,5.7,1441.0976441008343,0.5,1371.605300465814,0.0,1451.64589474174,0.4
Cesar Cruz,2000.0,18.01,1483.6429808277467,0.5,5.0,1500.0,0.5,1484.6975098877595,0.5,1500.0,0.5
Cezar Cretu,292.0,23.389,1515.062799954725,0.5,5.0,1500.0,0.5,1500.0,0.5,1543.6405513846562,0.5
Charles Broom,248.0,26.188,1464.0485538111452,0.5,5.0,1457.9274660977944,0.5,1500.0,0.5,1500.0,0.5
Ching-Mou Yu,2000.0,22.842,1500.0,0.5,5.0,1500.0,0.5,1500.0,0.5,1500.0,0.5
Chris Rodesch,138.0,24.578,1470.0453786447397,0.4,5.0,1487.0547442709849,0.5,1484.0,0.5,1494.6805057114082,0.5
Christian Harrison,251.0,28.079,1515.5810091790186,0.4,7.9,1476.9118931175615,0.3333333333333333,1489.7900869094815,0.5,1485.4221655818783,0.5
Christian Lindell,363.0,25.38,1500.0,0.5,5.0,1500.0,0.5,1516.0,0.5,1500.0,0.5
Christian Sigsgaard,824.0,24.972,1540.0667904375541,0.5,5.0,1500.0,0.5,1500.0,0.5,1500.0,0.5
Christoffer Konigsfeldt,2000.0,28.736,1500.0,0.5,5.0,1500.0,0.5,1500.0,0.5,1500.0,0.5
Christophe Tholl,2000.0,23.127,1450.7886696614844,0.5,5.0,1500.0,0.5,1500.0,0.5,1465.5836733136014,0.5
Christopher Diaz-Figueroa,630.0,27.893,1518.1261596786403,0.5,5.0,1500.0,0.5,1500.0,0.5,1517.9782939582751,0.5
Christopher Eubanks,130.0,29.153,1572.6481139227983,0.4,4.3,1571.9871011763166,0.4,1380.6243520097112,0.1111111111111111,1511.950700745834,0.4
Christopher O'Connell,128.0,31.825,1524.7431918122902,0.4,7.1,1451.9326714567903,0.4,1442.7965079708486,0.3,1568.562779997741,0.5
Chun Hun Wong,978.0,22.437,1485.402373648406,0.5,5.0,1500.0,0.5,1500.0,0.5,1485.402373648406,0.5
Chun-Hsin Tseng,144.0,24.575,1367.6579623278326,0.2,9.3,1420.9153035081347,0.5,1417.3364731316822,0.3,1388.9299228538978,0.2
Cleeve Harper,1029.0,24.717,1500.0,0.5,5.0,1500.0,0.5,1500.0,0.5,1500.0,0.5
Clement Chidekh,189.0,23.663,1457.9798224595743,0.5,5.0,1500.0,0.5,1500.0,0.5,1455.528049841333,0.5
Clement Tabur,171.0,26.335,1481.3771624567669,0.4,7.4,1500.0,0.5,1463.6421059911452,0.5,1495.2363679820903,0.5
Coleman Wong,109.0,21.963,1610.5930421453959,0.5,8.6,1500.0,0.5,1433.2324529299085,0.5,1632.7205222605999,0.5
Collin Altamirano,345.0,22.721,1500.0,0.5,5.0,1500.0,0.5,1500.0,0.5,1500.0,0.5
Colton Smith,164.0,23.072,1467.9856631334028,0.3333333333333333,7.222222222222222,1500.0,0.5,1527.7093289291524,0.6666666666666666,1449.9455228744866,0.2
Conor Gannon,1294.0,22.272,1452.7574929859643,0.5,5.0,1500.0,0.5,1500.0,0.5,1500.0,0.5
Constant Lestienne,169.0,32.701,1401.8568100959471,0.2,11.9,1399.1340421876066,0.16666666666666666,1396.6692648857534,0.0,1432.8951556919294,0.3
Corentin Denolly,328.0,27.817,1486.6688944165792,0.5,5.0,1500.0,0.5,1479.2849051658895,0.5,1500.0,0.5
Corentin Moutet,36.0,27.165,1588.4205967650958,0.3,6.3,1614.8154184224843,0.7,1577.772321762462,0.4,1665.4611922128322,0.4
Courtney John Lock,2000.0,27.294,1484.322334933475,0.5,5.0,1500.0,0.5,1500.0,0.5,1484.0893009053952,0.5
Cristian Garin,114.0,29.988,1556.0943634261087,0.4,7.8,1580.1022518876512,0.5,1560.0101898076625,0.4,1562.4402356560843,0.4
Cristian Rodriguez,388.0,27.611,1516.0,0.5,5.0,1500.0,0.5,1500.0,0.5,1516.0,0.5
Dalibor Svrcina,116.0,23.595,1615.0893954320425,0.6,6.9,1500.0,0.5,1465.0398099950075,0.5,1604.5231541195392,0.6
Damir Dzumhur,87.0,34.01,1533.7073207152737,0.5,7.0,1489.0038477458252,0.5,1514.8920542509732,0.5,1442.07578462505,0.3
Dan Added,194.0,26.56,1482.977925764967,0.5,5.0,1500.0,0.5,1500.0,0.5,1483.8054255057325,0.5
Dan Martin,2000.0,26.218,1493.084599484351,0.5,5.0,1500.0,0.5,1500.0,0.5,1490.2754479604582,0.5
Dane Sweeny,182.0,24.942,1522.3705678885092,0.42857142857142855,7.857142857142857,1500.0,0.5,1500.0,0.5,1517.3343614158457,0.42857142857142855
Daniel Altmaier,81.0,27.77,1699.8948210390502,0.6,6.9,1552.5420134176475,0.5,1579.904777170467,0.4,1545.801907242421,0.4
Daniel Antonio Nunez,790.0,24.279,1500.0,0.5,5.0,1500.0,0.5,1500.0,0.5,1500.0,0.5
Daniel Brands,180.0,31.554,1435.8031000260844,0.16666666666666666,8.333333333333334,1472.6506766712241,0.5,1461.6317372242397,0.5,1518.271340705822,0.5
Daniel Cukierman,1178.0,30.179,1463.2086383233775,0.3333333333333333,8.333333333333334,1500.0,0.5,1500.0,0.5,1446.440419705526,0.5
Daniel Dutra da Silva,215.0,34.053,1485.3036089962536,0.5,5.0,1500.0,0.5,1484.9355250227065,0.5,1500.0,0.5
Daniel Elahi Galan,131.0,29.18,1478.6475298625724,0.3,9.1,1539.855725217009,0.5555555555555556,1428.417521626388,0.3,1457.571675758771,0.3
Daniel Evans,144.0,35.162,1632.2496677235235,0.5,7.3,1539.4133006630316,0.4,1397.9605787503763,0.1,1522.5285404126828,0.4
Daniel Gimeno-Traver,230.0,32.728,1450.7238565663845,0.5,5.0,1500.0,0.5,1453.3158063708524,0.5,1500.0,0.5
Daniel Masur,254.0,30.146,1429.7836394361016,0.16666666666666666,8.333333333333334,1500.0,0.5,1442.1674851385667,0.5,1466.27060496804,0.5
Daniel Merida,86.0,21.659,1599.8786706215585,0.6,9.9,1500.0,0.5,1586.2696081971606,0.6666666666666666,1500.0,0.5
Daniel Michalski,260.0,22.976,1496.6099499732175,0.5,5.0,1500.0,0.5,1500.0,0.5,1493.9164432698708,0.5
Daniel Rincon,216.0,21.27,1466.2284381663105,0.5,5.0,1500.0,0.5,1454.6200586686523,0.5,1500.0,0.5
Daniels Tens,2000.0,19.025,1469.2996190278577,0.5,5.0,1500.0,0.5,1500.0,0.5,1469.2996190278577,0.5
Daniil Glinka,818.0,21.35,1489.3004517394838,0.5,5.0,1500.0,0.5,1500.0,0.5,1483.9298653993033,0.5
Daniil Medvedev,7.0,30.352,1892.6856242986971,0.7,7.3,1744.7314195358763,0.8,1802.2665080830643,0.5,2038.969062200603,0.9
Daniil Ostapenkov,2000.0,18.366,1477.6590420264029,0.5,5.0,1500.0,0.5,1525.6189235400411,0.5,1484.4048225531267,0.5
Danilo Petrovic,157.0,29.235,1501.6331303895581,0.5,11.0,1500.0,0.5,1535.748049344755,0.6666666666666666,1500.0,0.5
Darian King,1230.0,32.386,1495.3256517283396,0.3,8.4,1500.0,0.5,1500.0,0.5,1516.4210380959444,0.3
Darko Bojanovic,958.0,21.596,1482.9129693629804,0.5,5.0,1500.0,0.5,1500.0,0.5,1483.0588635075737,0.5
Darwin Blanch,272.0,18.478,1503.8907744056783,0.3333333333333333,7.333333333333333,1500.0,0.5,1500.0,0.5,1500.3630518961704,0.4
David Agung Susanto,1402.0,26.541,1500.0,0.5,5.0,1500.0,0.5,1500.0,0.5,1500.0,0.5
David Ferrer,144.0,37.092,1601.4274571673109,0.6,5.8,1494.449886131279,0.42857142857142855,1548.7845054373006,0.4,1562.9481800377057,0.3
David Goffin,104.0,34.869,1527.088601973945,0.3,6.3,1544.7533237508985,0.5,1557.266451670525,0.4,1522.2649792389295,0.3
David Jorda Sanchis,329.0,29.799,1500.0,0.5,5.0,1500.0,0.5,1500.0,0.5,1500.0,0.5
David Souto,870.0,26.031,1500.0,0.5,5.0,1500.0,0.5,1500.0,0.5,1500.0,0.5
David Szintai,2000.0,21.648,1489.7049441052543,0.5,5.0,1500.0,0.5,1500.0,0.5,1490.012648014295,0.5
Davis Rolis,2000.0,19.017,1484.0,0.5,5.0,1500.0,0.5,1500.0,0.5,1484.0,0.5
Delmas N'Tcha,2000.0,21.714,1500.0,0.5,5.0,1500.0,0.5,1500.0,0.5,1500.0,0.5
Denis Istomin,267.0,35.439,1360.1095104372898,0.1,9.9,1472.8486090831998,0.5,1500.4321174260194,0.5,1354.769616817273,0.2
Denis Kudla,160.0,31.622,1445.6126538364983,0.3,6.7,1578.8589307872696,0.5,1401.0381530352877,0.3,1465.7942465476124,0.4
Denis Shapovalov,41.0,27.173,1585.4973297316706,0.3,7.3,1509.8629170565182,0.5,1526.6216801748685,0.3,1747.5633316254257,0.6
Denis Yevseyev,207.0,31.326,1501.3910031537644,0.3333333333333333,7.0,1500.0,0.5,1519.6323549061494,0.5,1468.772331884283,0.5
Dennis Novak,166.0,29.922,1368.9675722377885,0.2,6.2,1475.7109615339532,0.42857142857142855,1423.1429522466728,0.2,1398.3367074935231,0.2
Dennis Novikov,219.0,23.732,1494.3380788740205,0.5,2.75,1468.0676591404801,0.5,1500.0,0.5,1485.3735437145356,0.5
Dhakshineswar Suresh,465.0,25.881,1542.368626561068,0.5,5.0,1500.0,0.5,1500.0,0.5,1506.503278648813,0.5
Di Wu,339.0,28.025,1390.731260787503,0.1111111111111111,7.666666666666667,1500.0,0.5,1484.736306793522,0.5,1408.2735871570496,0.14285714285714285
Diego Dedura,262.0,18.242,1478.6498390175043,0.5,5.0,1500.0,0.5,1480.1762642769763,0.5,1500.0,0.5
Diego Dedura-Palomero,372.0,17.185,1539.0423442463002,0.5,5.0,1500.0,0.5,1506.96389210735,0.5,1500.0,0.5
Diego Duran,2000.0,19.146,1500.0,0.5,5.0,1500.0,0.5,1500.0,0.5,1500.0,0.5
Diego Fernandez Flores,832.0,21.405,1514.597626351594,0.5,5.0,1500.0,0.5,1514.597626351594,0.5,1500.0,0.5
Diego Schwartzman,386.0,32.487,1403.4401245332872,0.0,8.9,1531.445963163232,0.4,1423.997217138801,0.2,1511.160187489878,0.4
Dimitar Kuzmanov,225.0,30.519,1458.28565455758,0.5,7.1,1500.0,0.5,1514.3447106680453,0.5,1437.2039789288738,0.5
Dimitri Badra,2000.0,20.156,1500.0,0.5,5.0,1500.0,0.5,1500.0,0.5,1500.0,0.5
Dino Prizmic,72.0,20.808,1706.1806885010544,0.7,4.1,1500.0,0.5,1652.1740281039383,0.7,1530.7616409147122,0.5
Dmitry Popko,220.0,28.884,1424.5949838568363,0.2,9.9,1500.0,0.5,1522.2325155903877,0.6666666666666666,1427.1177676693858,0.2857142857142857
Dmitry Tursunov,645.0,34.71,1457.4030838923024,0.2,9.6,1484.0,0.5,1500.0,0.5,1484.403101850271,0.3333333333333333
Dominic Stricker,229.0,22.91,1550.1577673165748,0.3,4.5,1515.3130994194387,0.5714285714285714,1474.398020354659,0.3,1565.2781881286014,0.4
Dominic Thiem,318.0,31.132,1475.106041408373,0.2,6.6,1421.2047950756053,0.4,1530.763647195505,0.5,1605.2406251456616,0.3
Dominik Koepfer,118.0,30.749,1644.6749714331163,0.4,6.0,1395.223004190905,0.3,1540.0223934124679,0.4,1634.323022237828,0.4
Donald Young,327.0,31.452,1384.4591296732206,0.2,7.6,1523.1332768031573,0.625,1402.5313164723282,0.0,1411.3177893382083,0.2
Dragos Dima,419.0,25.807,1516.0,0.5,5.0,1500.0,0.5,1500.0,0.5,1516.0,0.5
Dragos Nicolae Madaras,576.0,28.424,1406.137888075888,0.0,8.5,1500.0,0.5,1485.7332141273716,0.5,1411.5345307845146,0.0
Duckhee Lee,212.0,21.224,1500.0,0.5,5.0,1500.0,0.5,1500.0,0.5,1500.0,0.5
Dudi Sela,146.0,34.45,1531.7916717681062,0.4,8.3,1508.2846156005419,0.5,1435.7132285646226,0.5,1570.9718524403074,0.5
Duilio Beretta,1428.0,25.941,1500.0,0.5,5.0,1500.0,0.5,1500.0,0.5,1500.0,0.5
Duje Ajdukovic,115.0,23.743,1495.7548570595402,0.4,5.3,1500.0,0.5,1544.4882547622867,0.4,1457.7122818051591,0.3333333333333333
Dusan Lajovic,138.0,35.817,1456.3876229279863,0.2,6.2,1377.051287727133,0.2,1440.702333480845,0.2,1561.1979663152922,0.3
Dustin Brown,303.0,36.496,1418.4736592075806,0.3,7.9,1518.5317825234595,0.5,1373.2918731345862,0.3,1378.0245331672702,0.2
Dzmitry Zhyrmont,389.0,28.925,1427.0715345606707,0.5,5.0,1500.0,0.5,1495.7752382269914,0.5,1481.6555040836067,0.5
Edan Leshem,446.0,25.522,1482.8813830963418,0.42857142857142855,4.857142857142857,1500.0,0.5,1472.5995214182797,0.5,1497.3432040439773,0.4
Edas Butvilas,253.0,21.823,1541.8902910563475,0.6666666666666666,3.3333333333333335,1500.0,0.5,1525.1938333434946,0.5,1500.0,0.5
Edgars Manusis,2000.0,34.571,1500.0,0.5,5.0,1500.0,0.5,1500.0,0.5,1500.0,0.5
Edris Fetisleam,1167.0,18.702,1516.0,0.5,5.0,1500.0,0.5,1500.0,0.5,1516.0,0.5
Eduardo Nava,1761.0,24.452,1500.0,0.5,5.0,1500.0,0.5,1500.0,0.5,1500.0,0.5
Eduardo Struvay,470.0,26.305,1500.0,0.5,5.0,1500.0,0.5,1500.0,0.5,1500.0,0.5
Eero Vasa,476.0,29.035,1448.6319653218845,0.2,5.4,1500.0,0.5,1500.0,0.5,1407.7465989280947,0.0
Egor Gerasimov,304.0,31.89,1559.7509774331108,0.3,7.0,1512.1068041781348,0.5,1432.0612502366457,0.3,1499.4761453399874,0.3
Elias Ymer,184.0,30.16,1462.205441962315,0.3,7.6,1451.773980845487,0.5,1363.3069082713835,0.2,1515.0733660571223,0.4
Eliot Spizzirri,91.0,24.419,1687.5596824318977,0.6,5.8,1467.3478986266475,0.5,1500.0,0.5,1718.8023874756545,0.6
Elliot Benchetrit,608.0,26.494,1389.3325150909313,0.2,7.4,1500.0,0.5,1378.6679925075398,0.125,1455.813742094284,0.5
Elmer Moller,169.0,22.798,1568.360424668686,0.6,8.0,1487.4914438156409,0.5,1567.3136724913218,0.5,1487.6409758696084,0.5
Emil Reinberg,1032.0,21.257,1477.3106277388652,0.5,5.0,1500.0,0.5,1500.0,0.5,1482.8495507605294,0.5
Emil Ruusuvuori,608.0,26.533,1625.8690001394136,0.5,5.8,1468.6674383109962,0.4,1461.1759507238942,0.3,1652.3584098983786,0.5
Emilio Camacho,2000.0,16.772,1483.5500393085176,0.5,5.0,1500.0,0.5,1485.8859639990205,0.5,1500.0,0.5
Emilio Gomez,307.0,32.181,1410.4903761093224,0.4,7.8,1500.0,0.5,1416.2024050277853,0.16666666666666666,1460.6350096527383,0.3
Emilio Nava,94.0,24.476,1614.1457586672502,0.4,9.1,1500.0,0.5,1580.1968565359898,0.4,1511.612541782898,0.4
Enzo Couacaud,205.0,29.394,1458.5083563818357,0.2,9.1,1480.1798729954396,0.5,1479.8425912166413,0.3333333333333333,1503.5122556187962,0.25
Ergi Kirkin,479.0,26.626,1474.2019837094047,0.3333333333333333,7.333333333333333,1500.0,0.5,1500.0,0.5,1501.0355633032455,0.5
Erik Arutiunian,2000.0,16.914,1500.0,0.5,5.0,1500.0,0.5,1500.0,0.5,1500.0,0.5
Ernesto Escobedo,493.0,27.647,1365.6128149117628,0.2,8.1,1484.5825872265234,0.5,1393.6783125019138,0.3,1394.6074525603917,0.2
Ernests Gulbis,196.0,33.051,1418.5697750850404,0.3,7.6,1525.2438391771614,0.5555555555555556,1428.8992940592038,0.3,1489.5035848177026,0.3
Ethan Quinn,66.0,22.267,1562.9915420081506,0.3,5.6,1557.7269889082952,0.5555555555555556,1501.8429430290025,0.4,1577.9836961752449,0.5
Evan Furness,208.0,24.101,1492.6841708875545,0.5,5.0,1500.0,0.5,1500.0,0.5,1491.89791745892,0.5
Evan King,200.0,25.944,1498.1058176177487,0.3333333333333333,6.333333333333333,1500.0,0.5,1500.0,0.5,1485.7098931588268,0.3333333333333333
Evgenii Tiurnev,304.0,24.548,1486.5380878946046,0.5,5.0,1500.0,0.5,1500.0,0.5,1478.7673626876212,0.5
Evgeny Donskoy,149.0,31.444,1421.7988090842778,0.2,5.9,1398.590797171509,0.16666666666666666,1412.949232854433,0.14285714285714285,1398.233232994916,0.2
Evgeny Karlovskiy,218.0,24.189,1500.0,0.5,5.0,1500.0,0.5,1500.0,0.5,1500.0,0.5
Fabian Marozsan,61.0,26.694,1592.9919499167481,0.4,5.8,1450.3391450220367,0.4,1578.3730860580336,0.5,1668.4406239813545,0.5
Fabio Fognini,138.0,38.103,1430.925150820543,0.0,6.1,1480.1066397321024,0.4,1533.6791974152222,0.4,1443.4738747343117,0.4
Facundo Arguello,181.0,26.943,1500.0,0.5,5.0,1500.0,0.5,1500.0,0.5,1500.0,0.5
Facundo Bagnis,689.0,35.411,1514.304838766918,0.5,8.2,1431.0117316408425,0.5,1528.2602656266529,0.5,1440.1428625890942,0.3
Facundo Diaz Acosta,151.0,25.448,1530.6132730589131,0.4,6.4,1488.3776388922886,0.5,1561.2418080064049,0.4,1506.8426039113185,0.4
Facundo Mena,151.0,29.99,1475.0322068754333,0.5,5.0,1500.0,0.5,1500.0,0.5,1479.4303679122756,0.5
Fajing Sun,236.0,28.956,1458.482249147347,0.5,5.0,1500.0,0.5,1500.0,0.5,1450.8867906764683,0.5
Faris Zakaria,2000.0,24.761,1484.0,0.5,5.0,1500.0,0.5,1484.0,0.5,1500.0,0.5
Federico Agustin Gomez,182.0,29.344,1492.876241157039,0.2857142857142857,8.285714285714286,1500.0,0.5,1479.1950608819957,0.3333333333333333,1498.0985612739921,0.3333333333333333
Federico Cina,238.0,19.159,1480.557732685171,0.3,8.0,1500.0,0.5,1470.2371349481054,0.2857142857142857,1521.488203288066,0.5
Federico Coria,322.0,33.927,1444.566989951179,0.3,8.4,1405.4565238097553,0.0,1472.6974731357561,0.2,1325.1856047826263,0.0
Federico Delbonis,131.0,32.339,1455.0164072822877,0.2,7.5,1358.5061425892286,0.0,1497.3082556165155,0.3,1290.657201093961,0.2
Federico Gaio,174.0,29.908,1362.6836050867523,0.1,9.0,1500.0,0.5,1420.5295730937605,0.2857142857142857,1380.0389900552618,0.0
Federico Zeballos,543.0,31.767,1450.5954014139252,0.5,5.0,1500.0,0.5,1454.8718751773815,0.5,1500.0,0.5
Feliciano Lopez,634.0,41.763,1351.117414991357,0.1,7.6,1458.8263677857963,0.3,1359.0902789765769,0.2,1403.470991014461,0.2
Felipe Meligeni Alves,193.0,27.014,1453.9082304610788,0.3,9.1,1483.4262376798404,0.5,1483.0194990789405,0.2857142857142857,1515.1217747453745,0.42857142857142855
Felix Auger-Aliassime,29.0,25.862,1876.3983543448685,0.7,5.5,1641.0505829443368,0.7,1735.9493617125222,0.6,1933.4402203285179,0.7
Fernando Verdasco,244.0,39.42,1341.4089128344206,0.1,8.2,1479.1205950347587,0.5,1456.2606740465094,0.4,1402.4099031092992,0.1
Filip Cristian Jianu,246.0,24.531,1454.2544645202352,0.3333333333333333,8.0,1500.0,0.5,1491.238043063297,0.5,1481.5468418651333,0.5
Filip Horansky,203.0,29.153,1395.2899190156324,0.1111111111111111,7.222222222222222,1500.0,0.5,1435.3317367997495,0.16666666666666666,1495.690166580783,0.5
Filip Jeff Planinsek,578.0,24.63,1500.0,0.5,5.0,1500.0,0.5,1500.0,0.5,1500.0,0.5
Filip Krajinovic,93.0,31.25,1496.5888096740393,0.1,8.2,1557.2974187742034,0.5,1505.5848729509,0.3,1536.161607527505,0.4
Filip Misolic,84.0,24.449,1537.3438319044735,0.4,7.7,1488.7258134793087,0.5,1635.6474533820458,0.6,1447.4456452960972,0.2
Filip Pieczonka,1066.0,21.851,1500.0,0.5,5.0,1500.0,0.5,1500.0,0.5,1500.0,0.5
Filippo Baldi,149.0,23.529,1433.6671838256152,0.5,5.0,1500.0,0.5,1436.3504737860064,0.5,1500.0,0.5
Finn Reynolds,2000.0,21.703,1489.1637651826518,0.5,5.0,1483.5824247642186,0.5,1500.0,0.5,1500.0,0.5
Finn Tearney,1018.0,29.44,1466.1540253097148,0.5,5.0,1500.0,0.5,1500.0,0.5,1466.1540253097148,0.5
Flavio Cobolli,10.0,24.11,1908.4158546708827,0.6,7.6,1637.8727970662949,0.7,1854.7664301936077,0.7,1757.5943236631797,0.8
Florian Mayer,193.0,34.894,1354.8596216534847,0.2,8.6,1489.0473025046192,0.5,1420.6113818159763,0.4,1295.421409464169,0.1
Frances Tiafoe,26.0,28.416,1916.406514291505,0.8,6.2,1723.9476943038428,0.7,1717.3896250358234,0.7,1844.7575975215634,0.8
Francesco Maestrelli,112.0,23.376,1466.4290210265985,0.2,7.8,1500.0,0.5,1476.8099641886538,0.5,1507.4536333808041,0.3333333333333333
Francesco Passaro,144.0,25.133,1475.067367986451,0.3,8.4,1500.0,0.5,1486.97913284008,0.4,1436.1464025307876,0.2
Francisco Cabral,2000.0,27.554,1500.0,0.5,5.0,1500.0,0.5,1500.0,0.5,1500.0,0.5
Francisco Cerundolo,27.0,27.855,1853.2998433910366,0.7,7.9,1596.398377220991,0.4,1773.7871668133835,0.6,1851.9075030558324,0.7
Francisco Comesana,102.0,25.645,1571.9091375253038,0.3,6.6,1520.1314089539585,0.5,1567.9051297279268,0.4,1538.17338110353,0.4
Francisco Llanes,1262.0,19.425,1521.9541827518947,0.5,5.0,1500.0,0.5,1513.6119585777196,0.5,1500.0,0.5
Franco Agamenone,136.0,29.276,1500.1876273910725,0.5,5.0,1500.0,0.5,1466.2031372308006,0.5,1500.0,0.5
Franco Roncadelli,366.0,24.602,1513.5548168505727,0.25,9.0,1500.0,0.5,1528.18067382671,0.5,1473.2237258025057,0.5
Frank Dancevic,422.0,32.805,1500.0,0.5,5.0,1500.0,0.5,1500.0,0.5,1500.0,0.5
Franko Skugor,351.0,31.395,1437.892222731625,0.3,7.8,1450.538821180337,0.5,1449.0743877427747,0.3333333333333333,1524.6355213607856,0.42857142857142855
Frederico Ferreira Silva,185.0,25.897,1461.8808337055941,0.4,5.2,1500.0,0.5,1473.3463229850063,0.5,1488.7257102809483,0.5
Frederik Nielsen,549.0,34.612,1608.3268009403175,0.8333333333333334,9.5,1500.0,0.5,1500.0,0.5,1609.0031415633327,0.8333333333333334
Gabi Adrian Boitan,364.0,25.177,1508.7345781163172,0.5,5.0,1500.0,0.5,1500.0,0.5,1517.3914854290472,0.5
Gabor Borsos,552.0,27.592,1497.4246945996738,0.5,5.0,1500.0,0.5,1500.0,0.5,1496.6364415923613,0.5
Gabriel Diallo,84.0,24.726,1511.9560372284686,0.2,7.9,1597.8088169940345,0.6,1524.0320784485555,0.3,1629.4540810882602,0.4
Gabriel Ghetu,714.0,18.272,1482.6852495858473,0.5,5.0,1500.0,0.5,1482.7941047489958,0.5,1500.0,0.5
Gael Monfils,218.0,39.732,1538.3986156570331,0.3,8.4,1505.0389340651752,0.5,1522.6978670460849,0.4,1618.7450670309195,0.2
Gastao Elias,215.0,30.817,1344.2731133382003,0.2,6.9,1500.0,0.5,1494.144487027297,0.4,1324.752192762222,0.1111111111111111
Gauthier Onclin,186.0,25.284,1526.4078517600544,0.5,5.0,1525.0691800696204,0.5,1500.0,0.5,1492.513398975099,0.5
Genaro Alberto Olivieri,231.0,24.816,1519.1032923337523,0.5,5.0,1500.0,0.5,1518.3806077304334,0.5,1500.0,0.5
Geoffrey Blancaneaux,152.0,24.537,1399.0293662390864,0.0,9.0,1500.0,0.5,1488.8376901860431,0.5,1402.856956335691,0.0
George Loffhagen,293.0,24.197,1440.711851199954,0.0,8.666666666666666,1404.6311440442057,0.0,1500.0,0.5,1500.0,0.5
George Tsivadze,1082.0,25.087,1427.0991009303286,0.5,5.0,1500.0,0.5,1484.0,0.5,1500.0,0.5
Gerald Melzer,188.0,32.033,1391.571339892574,0.4,6.1,1500.0,0.5,1457.759305987342,0.5,1395.8410955138395,0.16666666666666666
Gerardo Lopez Villasenor,654.0,26.188,1490.2863924044407,0.42857142857142855,6.571428571428571,1500.0,0.5,1491.622533214561,0.5,1438.2071703557833,0.25
Gian Marco Moroni,181.0,24.175,1465.598241531357,0.3333333333333333,3.6666666666666665,1500.0,0.5,1492.1392701333132,0.5,1500.0,0.5
Gianluca Cadenasso,196.0,21.602,1493.3489870223777,0.5,5.0,1500.0,0.5,1492.2119718832228,0.5,1500.0,0.5
Gianluca Mager,67.0,27.168,1509.5183792612727,0.3,5.4,1500.0,0.5,1544.9468935518153,0.5,1492.2370903161066,0.3
Gianluigi Quinzi,304.0,21.188,1500.0,0.5,5.0,1500.0,0.5,1500.0,0.5,1500.0,0.5
Gijs Brouwer,190.0,28.277,1592.5982857852534,0.4,7.3,1532.096505668774,0.42857142857142855,1558.3729808331914,0.625,1565.847861734087,0.5555555555555556
Giles Hussey,359.0,27.08,1500.0,0.5,5.0,1500.0,0.5,1500.0,0.5,1500.0,0.5
Gilles Arnaud Bailly,247.0,20.066,1448.4179781513037,0.5,5.0,1500.0,0.5,1500.0,0.5,1434.7870639128414,0.5
Gilles Muller,127.0,35.302,1413.5613324572848,0.3,6.5,1553.6200344441986,0.6,1468.6059827355327,0.4,1407.5210892538703,0.4
Gilles Simon,188.0,37.843,1614.034755961989,0.4,8.0,1442.0681564189156,0.4,1396.1042365807705,0.1,1573.162597232019,0.4
Gillian Osmont,2000.0,20.726,1484.0,0.5,5.0,1500.0,0.5,1500.0,0.5,1484.0,0.5
Giovanni Lapentti,641.0,34.034,1468.6277027912251,0.5,5.0,1500.0,0.5,1484.0,0.5,1500.0,0.5
Giovanni Mpetshi Perricard,87.0,22.94,1576.62820463708,0.3,5.8,1554.0291334241283,0.6,1498.2161065476112,0.3,1555.5560536351431,0.3
Giulio Zeppieri,160.0,23.849,1398.1027270613442,0.2,7.9,1479.9224406917156,0.5,1425.8572400897344,0.4,1450.6043157294869,0.25
Gleb Sakharov,252.0,30.595,1471.9431630806282,0.3333333333333333,8.0,1500.0,0.5,1489.5991067785685,0.5,1452.8665030270724,0.5
Go Soeda,119.0,35.986,1464.3997374069031,0.4,6.6,1500.0,0.5,1500.0,0.5,1459.9044895985924,0.4
Gonzalo Bueno,217.0,21.867,1493.0844543851113,0.5,5.0,1500.0,0.5,1500.0,0.5,1475.0862708856528,0.5
Gonzalo Escobar,2000.0,35.65,1463.1584602055063,0.5,5.0,1500.0,0.5,1484.1477735032202,0.5,1500.0,0.5
Gonzalo Lama,410.0,30.259,1395.8150368123258,0.0,5.666666666666667,1500.0,0.5,1446.6549249676746,0.5,1483.7538279005234,0.5
Gonzalo Villanueva,279.0,27.548,1500.0,0.5,5.0,1500.0,0.5,1500.0,0.5,1500.0,0.5
Govind Nanda,405.0,24.402,1500.0,0.5,5.0,1500.0,0.5,1500.0,0.5,1500.0,0.5
Grega Zemlja,148.0,30.522,1500.0,0.5,5.0,1500.0,0.5,1500.0,0.5,1500.0,0.5
Gregoire Barrere,144.0,30.946,1516.4516718661441,0.3,9.0,1523.945316463591,0.5,1508.5145698632964,0.5,1450.276111772139,0.3
Grigor Dimitrov,137.0,34.938,1632.4125323928458,0.3,5.1,1669.3671389820124,0.7,1622.356787780752,0.5,1734.6558538347292,0.4
Guido Andreozzi,406.0,32.964,1436.572798124026,0.3,7.5,1445.1394539474832,0.5,1417.0499913199383,0.3,1496.6819756322461,0.5
Guido Pella,203.0,33.281,1544.114356293227,0.5,11.5,1541.2907145648746,0.4,1465.6541781844896,0.4,1537.3283999344583,0.4
Guilherme Clezar,234.0,25.262,1441.3531327963265,0.25,9.0,1500.0,0.5,1451.8240269095115,0.5,1459.5410548099167,0.5
Guillermo Garcia-Lopez,165.0,36.227,1425.8408078350826,0.4,7.9,1509.0817310031523,0.5,1471.6111484681032,0.4,1451.4207946007593,0.5
Gunawan Trismuwantara,2000.0,18.689,1480.633485914017,0.5,5.0,1500.0,0.5,1500.0,0.5,1480.6739649942674,0.5
Gustavo Heide,258.0,23.97,1469.4053626203993,0.4,8.8,1500.0,0.5,1424.5839942116718,0.2857142857142857,1465.488161435715,0.3333333333333333
Guy Den Ouden,169.0,23.849,1534.130617562525,0.6666666666666666,8.333333333333334,1500.0,0.5,1500.0,0.5,1525.2986473320614,0.6666666666666666
Hady Habib,334.0,27.493,1473.2535327179564,0.2,7.9,1500.0,0.5,1448.6497558832134,0.0,1488.1323859239437,0.5
Hamad Medjedovic,67.0,22.921,1754.1374871187402,0.7,7.0,1516.4351651283398,0.5,1673.263904782981,0.7,1643.9709126054518,0.3
Hamidreza Nadaf,1588.0,31.318,1530.5304984710244,0.5,5.0,1500.0,0.5,1500.0,0.5,1516.0,0.5
Hamza Karmoussi,2000.0,30.188,1500.0,0.5,5.0,1500.0,0.5,1500.0,0.5,1500.0,0.5
Harold Mayot,160.0,23.209,1412.4069601195358,0.1,6.5,1506.2242001337731,0.5,1445.3622564981467,0.2,1464.5800759713584,0.3
Harri Heliovaara,605.0,30.754,1478.6074679846372,0.5,6.0,1500.0,0.5,1479.5934184067105,0.5,1495.502654584788,0.5
Harry Bourchier,324.0,25.024,1527.3009929601424,0.5,5.0,1500.0,0.5,1500.0,0.5,1524.1968543120604,0.5
Harry Wendelken,224.0,24.49,1500.0,0.5,5.0,1500.0,0.5,1500.0,0.5,1500.0,0.5
Hasan Ibrahim,1507.0,24.553,1489.9381397453726,0.5,5.0,1500.0,0.5,1488.8234320314982,0.5,1500.0,0.5
Henri Laaksonen,125.0,30.47,1412.3940212074301,0.2,9.9,1456.7385402757936,0.5,1529.7685755107495,0.5,1426.1794649811727,0.2
Henri Squire,187.0,23.964,1470.811595254941,0.2,6.2,1426.1249435596526,0.5,1493.3200579843376,0.5,1490.2027711862922,0.5
Henrique Rocha,133.0,21.982,1575.0530458121264,0.5555555555555556,7.555555555555555,1500.0,0.5,1515.2372774552475,0.42857142857142855,1530.5304984710244,0.5
Henry Bernet,481.0,18.735,1458.1859349624704,0.5,5.0,1500.0,0.5,1500.0,0.5,1454.6485708394127,0.5
Henry Searle,421.0,19.255,1452.5386836556352,0.5,5.0,1437.5940727258767,0.5,1500.0,0.5,1500.0,0.5
Hernan Casanova,321.0,28.463,1484.2054025200084,0.5,5.0,1500.0,0.5,1480.0706683778278,0.5,1500.0,0.5
Hernando Jose Escurra Isnardi,2000.0,23.762,1500.0,0.5,5.0,1500.0,0.5,1500.0,0.5,1500.0,0.5
Heve Kelley,2000.0,26.847,1483.734400470788,0.5,5.0,1500.0,0.5,1500.0,0.5,1484.6774410335393,0.5
Hiroki Moriya,253.0,31.964,1486.018177469347,0.5,5.0,1500.0,0.5,1500.0,0.5,1489.2241316459776,0.5
Holger Rune,11.0,22.459,1753.8034497333135,0.6,4.5,1631.1948593705924,0.6,1818.8344340401036,0.7,1807.3364697565628,0.6
Hong Kit Wong,2000.0,25.429,1531.6408396045297,0.6666666666666666,7.0,1500.0,0.5,1500.0,0.5,1531.6408396045297,0.6666666666666666
Horacio Zeballos,152.0,33.383,1513.397510956483,0.4,9.2,1465.5966330493407,0.5,1514.7081508020408,0.5,1447.3709948910623,0.4
Hubert Hurkacz,103.0,29.344,1696.5161469672746,0.5,6.2,1730.2986747608466,0.7,1723.2347426721562,0.5,1632.2901575809474,0.4
Hugo Dellien,144.0,32.936,1419.4276474502014,0.2,9.0,1410.1443899959197,0.0,1460.9451872807065,0.3,1351.6061162241815,0.0
Hugo Gaston,118.0,25.667,1455.9798135712322,0.2,10.2,1506.7183836663432,0.5,1490.8957960096204,0.3,1473.0862249543661,0.3
Hugo Grenier,188.0,29.886,1455.4987325285772,0.3,10.1,1483.9037377439831,0.5,1463.7672313395515,0.2857142857142857,1436.9487765616952,0.3
Hugo Nys,2000.0,34.995,1530.4519536993723,0.5,5.0,1500.0,0.5,1500.0,0.5,1496.631475009367,0.5
Hyeon Chung,392.0,29.741,1613.5376803904105,0.6,7.1,1500.0,0.5,1625.5140191802534,0.7,1580.0023545007664,0.6
Ignacio Buse,35.0,22.229,1782.3547473511778,0.7,8.0,1530.2795287779595,0.5,1742.890486827991,0.7,1500.0905162896904,0.25
Ignacio Carou,867.0,22.188,1485.0580182010683,0.5,5.0,1500.0,0.5,1480.7564230707158,0.5,1500.0,0.5
Ignacio Garcia,2000.0,18.716,1500.0,0.5,5.0,1500.0,0.5,1500.0,0.5,1500.0,0.5
Igor Marcondes,348.0,28.674,1489.1539809718317,0.5,5.0,1500.0,0.5,1487.5672701193912,0.5,1500.0,0.5
Iliyan Radulov,663.0,20.679,1533.2055471453416,0.5,5.0,1500.0,0.5,1530.5304984710244,0.5,1500.0,0.5
Illya Beloborodko,2000.0,15.918,1500.0,0.5,5.0,1500.0,0.5,1500.0,0.5,1500.0,0.5
Illya Marchenko,267.0,35.951,1469.5931157602606,0.3,5.1,1415.414625223553,0.0,1500.0,0.5,1500.7305625688125,0.5
Ilya Ivashka,103.0,29.506,1546.1233467235338,0.3,10.8,1504.423692662624,0.4,1496.974983293271,0.4,1583.4127355937865,0.5
Ilya Snitari,740.0,21.875,1500.0,0.5,5.0,1500.0,0.5,1484.0,0.5,1500.0,0.5
Inigo Cervantes,125.0,27.244,1480.877092513742,0.5,5.0,1500.0,0.5,1482.1897070116863,0.5,1500.0,0.5
Ioannis Xilas,1286.0,22.73,1516.0,0.5,5.0,1500.0,0.5,1500.0,0.5,1516.0,0.5
Isaac Becroft,980.0,24.189,1500.0,0.5,5.0,1500.0,0.5,1500.0,0.5,1500.0,0.5
Isak Arvidsson,569.0,24.496,1500.0,0.5,5.0,1500.0,0.5,1500.0,0.5,1500.0,0.5
Ivan Dodig,412.0,32.537,1523.5206918133968,0.5,5.0,1500.0,0.5,1520.1786243822835,0.5,1500.0,0.5
Ivan Endara,597.0,29.916,1449.4877520870514,0.5,5.0,1500.0,0.5,1455.0562533492994,0.5,1500.0,0.5
Ivan Gakhov,265.0,28.537,1503.322979480961,0.25,11.0,1500.0,0.5,1484.6891925163459,0.25,1500.0,0.5
Ivan Ivanov,780.0,17.292,1459.0396455846592,0.5,5.0,1500.0,0.5,1448.756647785869,0.5,1500.0,0.5
Ivo Karlovic,221.0,42.502,1430.6352401550084,0.3,4.7,1437.9861167594463,0.4,1438.2063267336011,0.4,1406.6885004812866,0.3
J.J. Wolf,143.0,25.604,1446.2456096597366,0.1,8.2,1507.9746273622063,0.5,1498.7745548671237,0.4,1420.4435089323429,0.2
JC Aragone,299.0,25.522,1429.9823048101664,0.0,7.666666666666667,1470.8626941530251,0.5,1500.0,0.5,1482.0289067969304,0.5
Jabor Al-Mutawa,2000.0,23.6,1481.9620130898663,0.5,5.0,1500.0,0.5,1500.0,0.5,1482.7001342451663,0.5
Jack Cheng,1600.0,15.713,1500.0,0.5,5.0,1500.0,0.5,1500.0,0.5,1500.0,0.5
Jack Draper,28.0,24.307,1897.8448905564514,0.7,3.5,1708.8985088408767,0.7,1781.587699061007,0.7,1985.9902757419122,0.7
Jack Loutit,790.0,20.227,1500.0,0.5,5.0,1500.0,0.5,1500.0,0.5,1500.0,0.5
Jack Mingjie Lin,2000.0,19.828,1500.0,0.5,5.0,1500.0,0.5,1500.0,0.5,1500.0,0.5
Jack Pinnington Jones,147.0,23.211,1556.3752555942185,0.42857142857142855,6.714285714285714,1461.4681907924519,0.3333333333333333,1490.875601881286,0.5,1532.9131270863218,0.5
Jack Sock,166.0,30.522,1578.378862568509,0.4,7.9,1506.3895594605076,0.5,1466.9827995302041,0.3,1521.9350700926339,0.3
Jacob Fearnley,125.0,24.862,1484.489386553343,0.2,7.0,1513.6493142830109,0.4444444444444444,1575.4592348004,0.5,1495.031495483963,0.3
Jacopo Berrettini,842.0,24.252,1500.0,0.5,5.0,1500.0,0.5,1500.0,0.5,1500.0,0.5
Jad Ballout,2000.0,21.366,1484.0,0.5,5.0,1500.0,0.5,1500.0,0.5,1484.0,0.5
Jaime Faria,115.0,22.817,1580.0074312427016,0.5,5.8,1486.0641055959363,0.5,1533.2640287612194,0.4,1551.397426640697,0.5714285714285714
Jakub Mensik,16.0,20.789,1912.4253173890886,0.6,7.8,1544.2304099355144,0.5,1819.0958817783464,0.7,1859.4273905581342,0.7
James Duckworth,79.0,34.387,1497.5871235484344,0.2,8.9,1499.1724043931056,0.5,1404.1358455989532,0.2,1480.47958112585,0.3
James McCabe,233.0,22.935,1434.4917160726545,0.2222222222222222,7.777777777777778,1456.5160673594316,0.3333333333333333,1500.0,0.5,1426.490180151388,0.2
James Trotter,212.0,26.157,1475.9185259752767,0.5,5.0,1500.0,0.5,1500.0,0.5,1471.9225215667796,0.5
James Ward,333.0,34.357,1375.844627433115,0.0,9.4,1367.355195782658,0.0,1500.0,0.5,1500.0,0.5
James Watt,650.0,25.684,1488.6214193332655,0.5,5.0,1500.0,0.5,1500.0,0.5,1479.0280152102462,0.5
Jan Choinski,120.0,29.804,1410.4505968979934,0.2,12.5,1435.8835599210036,0.25,1477.7697868095574,0.3333333333333333,1423.4937637632336,0.0
Jan Satral,157.0,26.533,1500.0,0.5,5.0,1500.0,0.5,1500.0,0.5,1500.0,0.5
Jan Zielinski,860.0,25.131,1500.0,0.5,5.0,1500.0,0.5,1500.0,0.5,1500.0,0.5
Jan-Lennard Struff,77.0,36.126,1589.1404571818657,0.4,8.2,1654.5575680599472,0.6,1603.2270747692667,0.5,1529.437184284161,0.2
Janko Tipsarevic,251.0,35.31,1401.2523621562118,0.3,11.0,1414.4906433808376,0.2857142857142857,1469.610385849079,0.4,1395.6168766341243,0.2
Jannik Sinner,1.0,24.78,2381.5125892725023,1.0,2.1,1797.3790408816603,0.8,2175.637974283712,1.0,2295.9942557271515,1.0
Jared Donaldson,192.0,22.398,1479.8709547619492,0.3,8.9,1479.1077926568976,0.5,1380.783084624819,0.2,1503.5466739686333,0.5
Jason Jung,276.0,34.125,1381.726945757242,0.2,9.5,1458.671738109823,0.3333333333333333,1485.3041695854358,0.5,1360.9034483540097,0.2
Jason Kubler,179.0,32.742,1490.226650680023,0.2,8.8,1544.6149892082979,0.6,1541.144452561033,0.5,1502.387178946965,0.3
Jaume Munar,44.0,29.095,1646.0827957833096,0.4,6.2,1513.5323830031784,0.4,1545.6260377159463,0.4,1722.8567385017868,0.5
Javier Barranco Cosano,254.0,25.506,1500.0,0.5,5.0,1500.0,0.5,1500.0,0.5,1500.0,0.5
Jay Clarke,196.0,26.927,1358.9309644328373,0.1,9.4,1336.523038585212,0.1,1500.0,0.5,1500.0,0.5
Jenson Brooksby,73.0,25.64,1553.692581810093,0.2,7.3,1604.4457903703906,0.6,1500.5392351131281,0.5,1663.428381448806,0.4
Jeremy Chardy,542.0,36.386,1543.9942770498947,0.2,9.2,1472.458942380204,0.3,1490.4260272574218,0.4,1718.0899550154581,0.5
Jerome Kym,155.0,22.582,1594.464723243162,0.625,5.875,1500.0,0.5,1514.1856450881041,0.5,1566.1198860699935,0.6
Jerzy Janowicz,141.0,26.924,1546.7524537269892,0.5,6.2,1542.1505742354432,0.6666666666666666,1500.0,0.5,1491.7451485343636,0.3333333333333333
Jeson Patrombon,1485.0,25.029,1473.0720409731434,0.5,5.0,1500.0,0.5,1500.0,0.5,1456.0696498523462,0.5
Jesper de Jong,106.0,25.999,1617.404750006462,0.4,9.1,1442.601425559827,0.0,1653.4129541440604,0.6,1527.7136764269737,0.4
Jesse Flores,900.0,28.843,1482.5536962677272,0.5,5.0,1500.0,0.5,1500.0,0.5,1482.5581706144978,0.5
Jesus Bandres,1644.0,26.185,1500.0,0.5,5.0,1500.0,0.5,1500.0,0.5,1500.0,0.5
JiSung Nam,2000.0,29.114,1473.428674426554,0.3333333333333333,5.666666666666667,1500.0,0.5,1500.0,0.5,1435.236784112027,0.5
Jie Cui,583.0,25.654,1500.0,0.5,5.0,1500.0,0.5,1500.0,0.5,1500.0,0.5
Jirat Navasirisomboon,1541.0,23.299,1496.0151448490442,0.6,5.2,1500.0,0.5,1455.3463296211091,0.3333333333333333,1530.5304984710244,0.5
Jiri Lehecka,12.0,24.608,1835.6173834893436,0.6,3.9,1693.3020799396481,0.8,1775.9193246726638,0.6,1851.7555073783572,0.7
Jiri Vesely,293.0,30.516,1565.6599984256397,0.4,9.3,1618.5564576369457,0.6,1385.53335160765,0.3,1575.496026900312,0.6
Jo-Wilfried Tsonga,296.0,37.098,1456.4224412553071,0.2,8.1,1565.3030797546558,0.6,1463.7335840761314,0.3,1566.8652440516103,0.3
Joao Domingues,169.0,26.368,1521.0485663242014,0.5,9.0,1500.0,0.5,1485.1738510338769,0.5,1500.0,0.5
Joao Fonseca,25.0,19.819,1891.2465468546595,0.6,8.8,1527.5084580015061,0.42857142857142855,1802.0851512126512,0.6,1866.1221823299923,0.7
Joao Lucas Reis Da Silva,207.0,25.897,1464.1100173634004,0.5,5.0,1500.0,0.5,1487.946759417541,0.5,1483.3719062180467,0.5
Joao Menezes,199.0,24.183,1488.3990860778547,0.5,5.0,1500.0,0.5,1487.433118479651,0.5,1500.0,0.5
Joao Pedro Sorgi,359.0,24.465,1478.069338282106,0.5,5.0,1500.0,0.5,1500.0,0.5,1481.2414411650263,0.5
Joao Sousa,272.0,35.006,1428.9481617915255,0.3,8.5,1395.3023893599723,0.4,1475.0609793954272,0.4,1442.3744725968213,0.1
Joao Souza,131.0,28.756,1446.0535453086516,0.5,5.0,1500.0,0.5,1445.6466267656485,0.5,1500.0,0.5
Joaquin  Aguilar Cardozo,2000.0,19.433,1500.7185244146738,0.5,5.0,1500.0,0.5,1498.281671063794,0.5,1500.0,0.5
Joel Schwaerzler,354.0,19.48,1467.8486886290766,0.5,5.0,1500.0,0.5,1466.69247501475,0.5,1500.0,0.5
Johan Nikles,317.0,25.147,1488.0057640047505,0.5,5.0,1500.0,0.5,1472.170651939263,0.5,1500.0,0.5
Johannes Ingildsen,785.0,24.674,1467.583741885859,0.5,5.0,1500.0,0.5,1500.0,0.5,1483.328149753561,0.5
Johannus Monday,224.0,23.436,1500.0,0.5,5.0,1500.0,0.5,1500.0,0.5,1500.0,0.5
John Bryan Decasa Otico,2000.0,18.784,1506.3893217012276,0.5,5.0,1500.0,0.5,1500.0,0.5,1516.0,0.5
John Isner,157.0,38.338,1575.7106306230753,0.4,5.0,1641.1298995312445,0.6,1654.312430559407,0.6,1551.3927307333925,0.4
John Millman,140.0,33.591,1555.8171817910807,0.4,6.9,1473.1675568982698,0.5,1487.4392340469415,0.3,1540.7609737117923,0.4
John-Patrick Smith,306.0,32.079,1312.8858403540082,0.0,7.777777777777778,1467.26287311753,0.5,1500.0,0.5,1330.9216543097784,0.0
Jonas Forejtek,399.0,19.669,1500.0,0.5,5.0,1500.0,0.5,1500.0,0.5,1500.0,0.5
Jonathan Eysseric,290.0,27.236,1478.0561476784706,0.5,5.0,1500.0,0.5,1500.0,0.5,1479.851537561302,0.5
Jonathan Mridha,1094.0,23.436,1473.165456175838,0.5,5.0,1500.0,0.5,1500.0,0.5,1467.9465894960385,0.5
Jordan Thompson,111.0,31.756,1631.5942694484365,0.3,6.6,1585.9711188280899,0.5,1439.5424915607114,0.3,1627.3409570130998,0.4
Jordi Munoz-Abreu,1234.0,30.133,1432.7115098958154,0.5,5.0,1500.0,0.5,1500.0,0.5,1432.2755464424672,0.5
Jordi Samper-Montana,410.0,28.126,1488.4550416350164,0.5,5.0,1500.0,0.5,1485.2121625828988,0.5,1500.0,0.5
Jorge Panta,878.0,22.538,1500.0,0.5,5.0,1500.0,0.5,1500.0,0.5,1500.0,0.5
Joris De Loore,192.0,30.787,1417.8510464064702,0.0,5.666666666666667,1500.0,0.5,1500.0,0.5,1440.161360595026,0.5
Jose Hernandez-Fernandez,289.0,29.982,1461.0395355555495,0.4,6.0,1500.0,0.5,1431.649497393477,0.5,1470.866254736599,0.5
Jose Olivares,722.0,20.071,1500.0,0.5,5.0,1500.0,0.5,1500.0,0.5,1500.0,0.5
Jozef Kovalik,117.0,31.863,1534.9675533151494,0.4,8.1,1461.7074772749493,0.5,1598.472492069645,0.6,1391.287233202638,0.1
Juan Carlos Fuentes Vasquez,2000.0,18.992,1513.1281248226185,0.5,5.0,1500.0,0.5,1484.0,0.5,1500.0,0.5
Juan Carlos Prado Angelo,176.0,21.221,1530.5304984710244,0.5,5.0,1500.0,0.5,1530.5304984710244,0.5,1500.0,0.5
Juan Ignacio Londero,141.0,28.769,1409.4458565850284,0.4,6.7,1457.9273457429338,0.3333333333333333,1465.8967705902428,0.4,1394.4067334411159,0.1
Juan Manuel Cerundolo,56.0,24.542,1660.6116067762578,0.5,9.6,1500.0,0.5,1622.983084471594,0.4,1462.7275020810296,0.4
Juan Martin del Potro,753.0,33.374,1834.500567190235,0.6,4.8,1610.1020276985166,0.7142857142857143,1694.5053107665194,0.7,1877.3049599888504,0.7
Juan Monaco,124.0,33.032,1418.2316119818347,0.5,5.0,1500.0,0.5,1484.0,0.5,1459.3310157549663,0.5
Juan Pablo Ficovich,140.0,28.504,1523.0748788454914,0.42857142857142855,8.428571428571429,1500.0,0.5,1491.8679872013631,0.5,1522.700512618219,0.5
Juan Pablo Varillas,284.0,30.36,1458.314011160468,0.2,9.6,1500.0,0.5,1506.5119828012246,0.3,1430.5740855117815,0.3
Julian Lenz,270.0,26.576,1485.7009159515055,0.5,5.0,1500.0,0.5,1492.9305539236252,0.5,1500.0,0.5
Julien Benneteau,60.0,36.684,1564.8498039805802,0.3,8.4,1519.8241201859432,0.5,1428.65380011664,0.0,1570.3460921496307,0.5
Julien Cagnina,248.0,23.666,1484.0,0.5,5.0,1500.0,0.5,1500.0,0.5,1484.0,0.5
Julius Tverijonas,791.0,25.728,1417.3943490698457,0.5,5.0,1500.0,0.5,1451.0856455352814,0.5,1481.0686895792683,0.5
Juncheng Shang,262.0,21.06,1633.442733564438,0.5,4.4,1557.3178918557994,0.6666666666666666,1450.4538145412637,0.2,1601.9282683133144,0.5
Jurabek Karimov,434.0,20.279,1500.0,0.5,5.0,1500.0,0.5,1500.0,0.5,1500.0,0.5
Jurgen Melzer,426.0,37.418,1487.6132915529854,0.3333333333333333,8.666666666666666,1500.0,0.5,1500.0,0.5,1487.435652148857,0.3333333333333333
Jurgen Zopp,133.0,30.546,1492.1127431397547,0.5,8.8,1500.0,0.5,1581.774936497206,0.625,1454.8896354633346,0.4
Jurij Rodionov,158.0,27.025,1624.6674426365023,0.5,4.8,1471.7407737643923,0.42857142857142855,1426.173054938948,0.4,1585.9430543960916,0.5
Justin Barki,2000.0,21.311,1514.597626351594,0.5,5.0,1500.0,0.5,1500.0,0.5,1508.173252680335,0.5
Justin Engel,190.0,18.631,1468.0879466876481,0.3,4.2,1525.1050728787566,0.6666666666666666,1461.8706063102427,0.2,1451.650236975405,0.3333333333333333
Kaan Isik Kosaner,2000.0,16.682,1484.0,0.5,5.0,1500.0,0.5,1484.0,0.5,1500.0,0.5
Kacper Zuk,245.0,23.948,1413.176457775101,0.2,9.6,1500.0,0.5,1500.0,0.5,1448.914278286583,0.25
Kaichi Uchida,155.0,28.112,1523.8206395816499,0.5,6.5,1500.0,0.5,1500.0,0.5,1495.9570608645797,0.3333333333333333
Kaipo Marshall,2000.0,22.486,1437.7474461342263,0.25,9.0,1500.0,0.5,1500.0,0.5,1439.464790718586,0.25
Kamil Majchrzak,47.0,30.423,1766.0334272478594,0.6,5.7,1701.8501165041641,0.8,1460.6559404434013,0.3,1679.6062815817452,0.5
Karen Khachanov,18.0,30.07,1673.9119587858265,0.6,8.9,1679.650066187576,0.7,1689.5130448761868,0.7,1683.5101652293597,0.5
Karim Bennani,731.0,18.576,1542.220941454059,0.5,5.0,1500.0,0.5,1539.636624685722,0.5,1500.0,0.5
Karim Ibrahim,1045.0,22.525,1484.0,0.5,5.0,1500.0,0.5,1484.0,0.5,1500.0,0.5
Karim-Mohamed Maamoun,626.0,30.902,1493.7157721020933,0.5,8.0,1500.0,0.5,1438.5045309773045,0.5,1549.915026229027,0.5
Karl Friberg,364.0,24.86,1460.893508012923,0.5,5.0,1500.0,0.5,1500.0,0.5,1461.8112274771565,0.5
Karol Filar,624.0,27.46,1500.0,0.5,5.0,1500.0,0.5,1500.0,0.5,1500.0,0.5
Karue Sell,300.0,31.513,1500.0,0.5,5.0,1500.0,0.5,1500.0,0.5,1500.0,0.5
Kasidit Samrej,418.0,23.981,1501.8452284221944,0.5,5.0,1500.0,0.5,1500.0,0.5,1501.735324283328,0.5
Kei Nishikori,67.0,35.606,1672.9968613259002,0.4,6.7,1620.052131061781,0.7,1635.8786549126494,0.5,1685.92292846042,0.5
Kenneth Raisma,896.0,19.838,1500.0,0.5,5.0,1500.0,0.5,1500.0,0.5,1500.0,0.5
Kenny De Schepper,186.0,31.305,1499.1341677235243,0.5,7.5,1500.0,0.5,1500.0,0.5,1491.2956177131894,0.5
Kevin Anderson,652.0,37.202,1542.3329671388028,0.3,5.8,1754.86023107213,0.8,1640.8318172392512,0.5,1461.6149098746587,0.3
Kevin King,304.0,29.851,1480.0310410494742,0.25,9.75,1484.9452091148078,0.5,1500.0,0.5,1506.3798778071232,0.3333333333333333
Kevin Krawietz,2000.0,32.025,1476.3343204976716,0.5,5.0,1495.5861442793016,0.5,1500.0,0.5,1486.209473447706,0.5
Khumoyun Sultanov,236.0,25.881,1522.8526389766928,0.3333333333333333,7.333333333333333,1500.0,0.5,1500.0,0.5,1491.5336615753356,0.5
Ki Lung Ng,2102.0,23.121,1453.1788992966124,0.5,5.0,1500.0,0.5,1500.0,0.5,1454.8718751773815,0.5
Kimmer Coppejans,186.0,29.615,1408.1420173923023,0.2,9.6,1491.5786781890706,0.5,1493.9929323308297,0.6666666666666666,1418.8421435563948,0.0
Kiranpal Pannu,454.0,27.685,1453.3194176767738,0.25,6.5,1500.0,0.5,1500.0,0.5,1441.7186623719115,0.25
Kittipong Wachiramanowong,1109.0,27.225,1472.356982523589,0.5,5.0,1469.4695015289756,0.5,1500.0,0.5,1500.0,0.5
Komlavi Loglo,2000.0,39.094,1514.597626351594,0.5,5.0,1500.0,0.5,1500.0,0.5,1514.597626351594,0.5
Konstantin Kravchuk,260.0,32.643,1339.370274957897,0.2,8.7,1500.0,0.5,1500.0,0.5,1289.3759331155325,0.0
Kris Van Wyk,416.0,27.343,1500.0,0.5,5.0,1500.0,0.5,1500.0,0.5,1500.0,0.5
Kristjan Tamm,978.0,26.245,1469.4695015289756,0.5,5.0,1500.0,0.5,1484.0,0.5,1500.0,0.5
Kuan-Yi Lee,598.0,21.402,1484.0,0.5,5.0,1500.0,0.5,1500.0,0.5,1484.0,0.5
Kwok Shun Dasson Chan,2000.0,18.552,1484.0,0.5,5.0,1500.0,0.5,1500.0,0.5,1484.0,0.5
Kyle Edmund,473.0,28.329,1476.2678596564645,0.1,7.5,1520.5670372776162,0.5,1434.1665979667825,0.2,1568.8738036501938,0.2
Kyrian Jacquet,147.0,25.035,1505.9404005829833,0.3333333333333333,10.333333333333334,1500.0,0.5,1481.5736981956568,0.5,1549.8332563440174,0.5
Lamine Ouahab,617.0,33.295,1521.022535259913,0.6666666666666666,8.666666666666666,1500.0,0.5,1556.7412107476623,0.5,1500.0,0.5
Laslo Djere,238.0,30.965,1485.0859836676877,0.2,7.6,1420.8796642258383,0.3,1594.2927117942124,0.5,1570.6595439106234,0.6
Laurent Lokoli,199.0,28.706,1423.360024622707,0.0,11.333333333333334,1500.0,0.5,1500.0,0.5,1466.1934255541207,0.5
Laurynas Grigelis,1016.0,30.554,1413.332780908935,0.3333333333333333,9.444444444444445,1500.0,0.5,1481.2927285147891,0.5,1406.4477728462944,0.2857142857142857
Lautaro Midon,229.0,21.867,1500.0,0.5,5.0,1500.0,0.5,1500.0,0.5,1500.0,0.5
Leandro Riedi,171.0,24.049,1594.8839134208642,0.5,5.8,1484.0,0.5,1472.7478241326608,0.5,1612.2951572404277,0.4
Learner Tien,120.0,20.539,1884.8322829977442,0.8,8.1,1560.0903199466904,0.625,1720.0942701450701,0.8,1892.5371134966736,0.6
Leo Borg,622.0,22.415,1430.295391143214,0.2,6.6,1500.0,0.5,1500.9550854159124,0.5,1412.70518789836,0.1111111111111111
Leonardo Mayer,146.0,33.815,1329.4434414273248,0.0,8.7,1461.7594576485706,0.4,1413.317184186086,0.2,1450.6928466497102,0.4
Li Tu,177.0,28.767,1384.3317150579023,0.2,7.2,1476.0914566446759,0.3333333333333333,1500.0,0.5,1380.765245727382,0.1111111111111111
Liam Broady,156.0,30.489,1537.7268676914643,0.4,9.2,1435.821174675323,0.4,1451.5390058038797,0.25,1605.8538623560084,0.5
Liam Caruana,397.0,19.962,1485.2079654432214,0.5,5.0,1500.0,0.5,1500.0,0.5,1483.6587709659714,0.5
Liam Draxl,147.0,24.32,1501.516671694806,0.5,7.833333333333333,1500.0,0.5,1500.0,0.5,1515.5392346369847,0.6
Liam Krall,2000.0,20.717,1484.0627040411941,0.5,5.0,1500.0,0.5,1500.0,0.5,1485.0564246209046,0.5
Linh Giang Trinh,2000.0,26.5,1455.823517121312,0.5,5.0,1500.0,0.5,1500.0,0.5,1469.6062231711173,0.5
Liova Ajavon,2000.0,25.246,1500.0,0.5,5.0,1500.0,0.5,1500.0,0.5,1500.0,0.5
Lloyd Harris,353.0,28.496,1530.7409201234852,0.3,6.8,1515.6168285772044,0.5,1409.9219825495247,0.2,1503.5395119120094,0.3
Lorenzo Giustino,223.0,31.6,1447.2069813548505,0.2,13.4,1500.0,0.5,1468.4183909860872,0.3333333333333333,1469.9905821868617,0.5
Lorenzo Musetti,10.0,24.192,1890.3720385729832,0.6,6.6,1768.9878246174715,0.9,1911.2099970125546,0.6,1871.6869247340098,0.7
Lorenzo Sonego,65.0,31.102,1570.120284841036,0.3,9.1,1596.7422014203175,0.6,1442.3374901711059,0.3,1676.5459727684638,0.7
Louis Van Herck,1293.0,26.198,1484.0,0.5,5.0,1500.0,0.5,1484.0,0.5,1500.0,0.5
Louis Wessels,347.0,24.81,1500.0,0.5,5.0,1500.0,0.5,1500.0,0.5,1500.0,0.5
Luca Nardi,151.0,22.752,1570.2627521516058,0.4,7.1,1451.8378002470092,0.25,1430.4322957669392,0.2,1603.6988953192508,0.5
Luca Preda,1099.0,17.878,1500.0,0.5,5.0,1500.0,0.5,1500.0,0.5,1500.0,0.5
Luca Van Assche,100.0,22.048,1613.754578194647,0.6,8.4,1451.221409164408,0.3333333333333333,1573.634652714066,0.4,1584.984719212689,0.4
Luca Vanni,163.0,33.613,1421.11846339883,0.0,6.666666666666667,1500.0,0.5,1484.0,0.5,1443.978566076598,0.5
Lucas Catarina,430.0,25.624,1429.8828716954763,0.0,11.0,1500.0,0.5,1430.3024811693545,0.0,1500.0,0.5
Lucas Gomez,492.0,23.964,1388.2293467699653,0.0,6.5,1500.0,0.5,1482.5724921652236,0.5,1406.8298354777562,0.0
Lucas Miedler,1071.0,27.619,1465.227996062961,0.5,5.0,1500.0,0.5,1500.0,0.5,1489.5739844193185,0.5
Lucas Pouille,104.0,30.927,1553.0636341343793,0.4,8.6,1562.1646139128377,0.5,1417.7482422650357,0.2,1557.975309582055,0.3
Luciano Darderi,17.0,24.285,1828.3236460574278,0.7,6.0,1427.1582737931226,0.25,1855.4680530026942,0.7,1535.7513968510207,0.4
Luciano Ramazzini,2000.0,23.255,1500.0,0.5,5.0,1500.0,0.5,1500.0,0.5,1500.0,0.5
Luis Carlos Alvarez,784.0,20.86,1500.0,0.5,5.0,1500.0,0.5,1500.0,0.5,1500.0,0.5
Luis David Martinez,2000.0,30.817,1494.666828786396,0.5,5.0,1500.0,0.5,1500.0,0.5,1494.666828786396,0.5
Luis Diego Chavez Villalpando,1581.0,22.281,1500.0,0.5,5.0,1500.0,0.5,1500.0,0.5,1500.0,0.5
Luis Guto Miguel,1593.0,16.977,1500.0,0.5,5.0,1500.0,0.5,1500.0,0.5,1500.0,0.5
Luis Patino,762.0,24.942,1534.894991735723,0.75,7.0,1500.0,0.5,1486.6758437411631,0.5,1551.2512633322658,0.5
Luka Mikrut,350.0,20.266,1500.0,0.5,5.0,1500.0,0.5,1500.0,0.5,1500.0,0.5
Luka Pavlovic,241.0,26.149,1483.676398504935,0.5,5.0,1500.0,0.5,1500.0,0.5,1491.068488598495,0.5
Lukas Hellum-Lilleengen,1564.0,19.305,1500.0,0.5,5.0,1500.0,0.5,1500.0,0.5,1500.0,0.5
Lukas Klein,121.0,27.477,1516.5773238421734,0.3,6.1,1499.0978818206493,0.5,1530.8861397917053,0.5,1485.544056054785,0.3
Lukas Lacko,213.0,33.607,1463.027877697387,0.3,7.2,1563.4041959103065,0.6,1500.0,0.5,1382.3653610319527,0.3
Lukas Mugevicius,405.0,22.333,1516.0,0.5,5.0,1500.0,0.5,1500.0,0.5,1516.0,0.5
Lukas Neumayer,223.0,23.441,1483.5608629516032,0.3333333333333333,8.666666666666666,1500.0,0.5,1462.1851164713328,0.3333333333333333,1513.0383411891721,0.5
Lukas Pokorny,589.0,21.927,1500.0,0.5,5.0,1500.0,0.5,1500.0,0.5,1500.0,0.5
Lukas Rosol,226.0,37.232,1482.0596052508977,0.3,7.4,1496.4424084643401,0.5,1533.13317264869,0.5714285714285714,1427.2463373975863,0.3
Luke Saville,313.0,29.714,1500.0,0.5,5.0,1500.0,0.5,1500.0,0.5,1500.0,0.5
M Rifki Fitriadi,569.0,25.029,1531.9354186575704,0.5,5.0,1500.0,0.5,1500.0,0.5,1531.9354186575704,0.5
M. Abid Ali Khan Akbar,1753.0,27.535,1469.4695015289756,0.5,5.0,1500.0,0.5,1500.0,0.5,1500.0,0.5
Mackenzie McDonald,125.0,30.962,1559.041308256641,0.3,5.6,1529.5523571489286,0.5,1417.3179586381004,0.2,1491.350380960307,0.2
Maks Kasnikowski,416.0,22.612,1502.423893705662,0.5,5.0,1500.0,0.5,1500.0,0.5,1529.1999977523637,0.5
Malek Jaziri,444.0,39.105,1413.958586987724,0.4,7.5,1410.1956589054078,0.16666666666666666,1464.9647426010945,0.4,1378.4418746236072,0.2
Manas Dhamne,2000.0,15.012,1479.2061918646787,0.5,5.0,1500.0,0.5,1500.0,0.5,1480.482624594529,0.5
Manuel Guinard,280.0,29.24,1543.1013559660682,0.4,8.9,1500.0,0.5,1512.6818407464955,0.5,1519.1962074201429,0.42857142857142855
Manuel Sanchez,821.0,29.166,1481.1669120124143,0.6666666666666666,7.333333333333333,1500.0,0.5,1454.144876489387,0.5,1501.9964345613316,0.5
Marc Polmans,217.0,27.203,1395.5688970839487,0.2,8.9,1496.6324686976773,0.5,1511.7315995549961,0.3333333333333333,1326.4634703480917,0.1
Marc-Andrea Huesler,340.0,29.802,1365.8988424439806,0.2,5.2,1442.96871802463,0.2857142857142857,1383.1583450867295,0.2,1410.6232669205885,0.1
Marcel Granollers,100.0,33.429,1503.4734447534122,0.5,5.6,1574.5380126812483,0.5714285714285714,1463.5099209296573,0.4,1347.8697358815593,0.2
Marcelo Arevalo,2000.0,33.911,1490.9965575654987,0.5714285714285714,6.142857142857143,1500.0,0.5,1466.496436136405,0.5,1514.7192449800202,0.6
Marco Cecchinato,109.0,30.908,1483.0775847970458,0.2,9.8,1345.7114635115631,0.2,1527.1480555408211,0.5,1293.1315950977933,0.2
Marco Chiudinelli,366.0,36.118,1474.7622256419284,0.3333333333333333,7.333333333333333,1500.0,0.5,1500.0,0.5,1516.3623434980598,0.5
Marco Trungelliti,81.0,36.318,1526.0833387639123,0.5,7.1,1500.0,0.5,1547.0380968932575,0.5,1392.8786106998116,0.14285714285714285
Marcos Baghdatis,135.0,34.037,1521.9779193140885,0.4,6.9,1477.3797827345409,0.5,1370.4025704451803,0.0,1542.4170757920183,0.4
Marcos Giron,86.0,32.895,1551.0618668820318,0.2,6.1,1603.8988187346508,0.6,1453.3364021307666,0.3,1639.1456371047182,0.5
Marcos Lee Chan Baratau,1320.0,18.831,1500.0,0.5,5.0,1500.0,0.5,1500.0,0.5,1500.0,0.5
Mariano Navone,38.0,25.243,1809.2301159216909,0.7,7.5,1432.6007986423247,0.0,1772.0016263363507,0.7,1424.583482491675,0.2
Marin Cilic,46.0,37.714,1680.9669204534937,0.5,6.5,1727.6906329427811,0.8,1526.6021768565483,0.3,1700.4280444414178,0.6
Mario Vilella Martinez,167.0,26.064,1522.265693634105,0.375,7.125,1500.0,0.5,1507.8853313370198,0.3333333333333333,1507.0216498726961,0.5
Marius Copil,283.0,33.298,1506.7524324162284,0.4,7.0,1487.9326566337695,0.42857142857142855,1339.0550560090267,0.1,1548.5115719570158,0.5
Mark Chigaazira,1322.0,19.94,1484.0,0.5,5.0,1500.0,0.5,1500.0,0.5,1484.0,0.5
Mark Lajal,149.0,22.423,1542.4773466165502,0.42857142857142855,5.142857142857143,1494.5736382674174,0.5,1500.0,0.5,1493.5946813776272,0.5
Marko Tepavac,201.0,22.842,1500.0,0.5,5.0,1500.0,0.5,1500.0,0.5,1500.0,0.5
Marko Topo,260.0,22.585,1378.9085056622127,0.0,10.666666666666666,1500.0,0.5,1383.5113734784081,0.0,1500.0,0.5
Markus Eriksson,455.0,28.791,1528.109201957186,0.5,5.0,1500.0,0.5,1500.0,0.5,1500.0,0.5
Marsel Ilhan,571.0,33.572,1441.2550389206015,0.25,9.5,1500.0,0.5,1457.0819813067255,0.5,1481.1691031900748,0.5
Martin Antonio Vergara Del Puerto,2000.0,19.786,1469.4695015289756,0.5,5.0,1500.0,0.5,1469.4695015289756,0.5,1500.0,0.5
Martin Cuevas,515.0,29.678,1409.1742232374838,0.2,9.0,1500.0,0.5,1484.4209784777954,0.5,1428.1261448664643,0.5
Martin Damm,126.0,22.501,1618.1321774027742,0.5,3.2,1500.0,0.5,1486.2190291150976,0.5,1638.0155161375076,0.6
Martin Klizan,316.0,35.721,1400.4341426379924,0.1,10.1,1449.389611732798,0.5,1517.721735317697,0.4,1452.557125997678,0.3
Martin Landaluce,55.0,20.433,1648.2812292062388,0.6,7.9,1523.2622160853853,0.5,1554.7362234883626,0.5,1600.7906786523522,0.5
Martins Podzus,860.0,22.601,1482.49736299641,0.5,5.0,1500.0,0.5,1500.0,0.5,1482.49736299641,0.5
Martins Rocens,1763.0,23.817,1494.8545845347187,0.5,5.0,1500.0,0.5,1500.0,0.5,1492.8985080968466,0.5
Marton Fucsovics,76.0,34.352,1596.362887135317,0.3,5.8,1642.3240028763826,0.5,1559.5824064910937,0.4,1653.255365044581,0.5
Matavao Fanguna,2000.0,27.288,1484.0,0.5,5.0,1500.0,0.5,1500.0,0.5,1484.0,0.5
Mate Pavic,1178.0,24.227,1489.283535736823,0.5,5.0,1500.0,0.5,1500.0,0.5,1486.930669535419,0.5
Mate Valkusz,213.0,25.473,1416.332851608152,0.16666666666666666,9.5,1500.0,0.5,1442.4623873145538,0.5,1456.5682415989727,0.3333333333333333
Matej Dodig,235.0,20.575,1468.2618609962203,0.3333333333333333,8.666666666666666,1500.0,0.5,1499.9269603262694,0.5,1483.4310858487597,0.5
Mateus Alves,556.0,22.075,1498.5513798188967,0.5,5.0,1500.0,0.5,1498.113090811776,0.5,1500.0,0.5
Matheus Pucinelli De Almeida,264.0,20.893,1542.8456425036195,0.5,5.0,1500.0,0.5,1541.6816838065474,0.5,1500.0,0.5
Matheus Pucinelli de Almeida,292.0,24.877,1490.9829797188443,0.5,5.0,1500.0,0.5,1500.0,0.5,1488.1316304676484,0.5
Mathias Bourgue,271.0,29.799,1428.3415179046717,0.0,7.666666666666667,1500.0,0.5,1472.4092607824564,0.5,1467.0047322731862,0.5
Matias Soto,316.0,26.831,1525.2034889004055,0.5,5.0,1500.0,0.5,1530.5304984710244,0.5,1500.0,0.5
Matic Kriznik,1274.0,18.415,1462.196979368812,0.5,5.0,1500.0,0.5,1500.0,0.5,1459.692052649025,0.5
Matija Pecotic,784.0,33.615,1500.0,0.5,5.0,1500.0,0.5,1500.0,0.5,1500.0,0.5
Mats Moraing,252.0,28.914,1466.4174109949874,0.5,5.0,1486.7306131522655,0.5,1497.7729138395039,0.5,1500.0,0.5
Matteo Arnaldi,104.0,25.276,1713.9516927650275,0.6,10.1,1425.8497240863471,0.2,1754.588058224869,0.6,1532.2712668233482,0.2
Matteo Berrettini,105.0,30.141,1748.8515548167456,0.6,5.2,1766.904072210881,0.6,1722.603230202635,0.6,1841.0765256324585,0.8
Matteo Gigante,125.0,23.559,1616.2617482252945,0.5,8.5,1500.0,0.5,1561.6920465160279,0.4,1506.7659317735659,0.3333333333333333
Matteo Martineau,179.0,25.399,1472.1843650699698,0.5,5.0,1486.451490582494,0.5,1500.0,0.5,1489.5986255160294,0.5
Matteo Viola,218.0,32.194,1480.4026402360118,0.5,5.0,1481.8643059443837,0.5,1500.0,0.5,1500.0,0.5
Matthew Barton,198.0,25.062,1484.955545898866,0.5,5.0,1500.0,0.5,1500.0,0.5,1484.955545898866,0.5
Matthew Ebden,2000.0,36.674,1515.7626954270042,0.5,4.0,1496.3599630089764,0.4,1394.4153288614707,0.16666666666666666,1595.49268411548,0.6
Matthew Forbes,1848.0,18.39,1489.142520120954,0.5,5.0,1500.0,0.5,1500.0,0.5,1487.7455489189567,0.5
Matthew Foster-Estwick,2000.0,20.055,1500.0,0.5,5.0,1500.0,0.5,1500.0,0.5,1500.0,0.5
Matthias Bachinger,279.0,33.763,1568.6851838505188,0.5,8.2,1484.9271025250737,0.5,1481.8720142487061,0.3333333333333333,1579.0253999727154,0.6
Mattia Bellucci,74.0,25.046,1643.9417497417323,0.5,6.5,1616.3615237088275,0.6,1514.4437582533044,0.3,1519.7843017507655,0.3
Mattias Siimar,1041.0,23.619,1488.8380760972207,0.5,5.0,1500.0,0.5,1500.0,0.5,1483.1549069377058,0.5
Matyas Fuele,781.0,27.151,1486.3976146979387,0.5,5.0,1500.0,0.5,1482.8760271930819,0.5,1500.0,0.5
Mauricio Echazu,716.0,29.035,1484.0,0.5,5.0,1500.0,0.5,1484.0,0.5,1500.0,0.5
Max Hans Rehberg,473.0,20.589,1439.6018585764132,0.0,9.333333333333334,1500.0,0.5,1428.1765177145974,0.0,1500.0,0.5
Max Purcell,97.0,26.398,1604.2574292950037,0.5,5.3,1516.750144161385,0.4,1453.56305291468,0.4,1537.8216541643617,0.4
Max Schoenhaus,1290.0,18.872,1482.7391803918235,0.5,5.0,1485.486649682468,0.5,1491.9245083336336,0.5,1500.0,0.5
Maxim Mrva,324.0,18.538,1483.207736769908,0.5,5.0,1500.0,0.5,1500.0,0.5,1483.1947947618607,0.5
Maxim Shin,1469.0,20.665,1487.9989515023144,0.5,5.0,1500.0,0.5,1500.0,0.5,1487.2126749231734,0.5
Maxime Cressy,173.0,27.225,1423.399531282944,0.2,7.1,1518.0142807554532,0.5,1346.8969365896871,0.1,1478.267738790832,0.2
Maxime Hamou,287.0,21.974,1500.0,0.5,5.0,1500.0,0.5,1500.0,0.5,1500.0,0.5
Maxime Janvier,225.0,27.702,1399.550505365331,0.0,9.4,1484.1023334620875,0.5,1437.8823376958946,0.0,1483.0623102634045,0.5
Maximilian Marterer,239.0,29.947,1499.8059885091866,0.4,7.6,1434.9619809059245,0.4,1458.8689824819903,0.4,1453.6357140294713,0.2
Maximo Gonzalez,163.0,33.725,1500.0,0.5,5.0,1500.0,0.5,1500.0,0.5,1500.0,0.5
Maximus Jones,581.0,19.411,1500.0,0.5,5.0,1500.0,0.5,1500.0,0.5,1500.0,0.5
Mees Rottgering,464.0,18.921,1446.9248841295916,0.5,5.0,1483.0520504924607,0.5,1500.0,0.5,1478.8434563142628,0.5
Mehluli Don Ayanda Sibanda,1061.0,22.056,1449.7682782934826,0.5,5.0,1500.0,0.5,1481.2244332254033,0.5,1500.0,0.5
Menelaos Efstathiou,1222.0,24.925,1463.9757055283292,0.5,5.0,1500.0,0.5,1500.0,0.5,1500.0,0.5
Mert Alkaya,376.0,25.67,1500.0,0.5,5.0,1500.0,0.5,1500.0,0.5,1500.0,0.5
Michael Agwi,487.0,21.027,1500.5310673590454,0.5,5.0,1500.0,0.5,1546.628327330108,0.5,1500.0,0.5
Michael Bassem Sobhy,690.0,21.774,1454.9825725973592,0.5,5.0,1500.0,0.5,1454.8718751773815,0.5,1500.0,0.5
Michael Geerts,268.0,27.748,1523.8334045151769,0.5,5.0,1500.0,0.5,1500.0,0.5,1500.0,0.5
Michael Mmoh,285.0,27.997,1686.6921406037654,0.6,5.8,1446.9267186762477,0.5,1490.324958000649,0.375,1710.4642724851026,0.5
Michael Venus,2000.0,32.244,1411.6484637697208,0.0,9.333333333333334,1500.0,0.5,1500.0,0.5,1408.075801793751,0.0
Michael Vrbensky,311.0,21.029,1485.5309526882834,0.5,5.0,1500.0,0.5,1500.0,0.5,1487.2943144804563,0.5
Michael Zheng,146.0,22.322,1494.4717524314785,0.25,8.0,1500.0,0.5,1500.0,0.5,1510.1841846697055,0.3333333333333333
Michail Pervolarakis,506.0,26.574,1341.3617692543573,0.1,6.2,1500.0,0.5,1500.0,0.5,1340.5415482340304,0.1
Michal Przysiezny,1139.0,34.138,1485.2709068125125,0.5,5.0,1500.0,0.5,1500.0,0.5,1485.402373648406,0.5
Michel Saade,2000.0,19.348,1500.0,0.5,5.0,1500.0,0.5,1500.0,0.5,1500.0,0.5
Mika Brunold,453.0,21.369,1500.0,0.5,5.0,1500.0,0.5,1500.0,0.5,1500.0,0.5
Mikael Torpegaard,305.0,27.822,1463.1103130305303,0.25,7.5,1500.0,0.5,1500.0,0.5,1471.4369664989308,0.3333333333333333
Mikael Ymer,617.0,27.094,1576.100606473784,0.4,10.0,1516.3855678119423,0.4,1480.987304162714,0.3,1546.4139450086818,0.2
Mike Urbanija,857.0,27.28,1500.0,0.5,5.0,1500.0,0.5,1500.0,0.5,1500.0,0.5
Mikelis Libietis,380.0,24.572,1500.0,0.5,5.0,1500.0,0.5,1500.0,0.5,1500.0,0.5
Mikhail Kukushkin,112.0,37.09,1427.756829350889,0.3,7.4,1516.4464659169603,0.4,1355.8567461018795,0.1,1447.7984084626469,0.3
Mikhail Youzhny,110.0,36.23,1325.8514613844322,0.1,7.6,1401.6391080652531,0.25,1355.2422294726534,0.2,1413.0459254512339,0.4
Mili Poljicak,277.0,21.021,1443.2148679583493,0.5,5.0,1500.0,0.5,1438.6919612709453,0.5,1500.0,0.5
Miljan Zekic,316.0,29.051,1475.3492074649566,0.5,5.0,1500.0,0.5,1467.1950491683974,0.5,1500.0,0.5
Milos Raonic,177.0,33.588,1787.6695967367193,0.6,2.1,1679.4998053293523,0.6,1635.0434491271176,0.7,1788.3272546346977,0.5
Minjong Park,2000.0,16.282,1482.597626351594,0.5,5.0,1484.0,0.5,1500.0,0.5,1500.0,0.5
Miomir Kecmanovic,50.0,26.793,1607.9928686448131,0.3,8.1,1541.7480837104072,0.5,1518.43919505285,0.3,1659.4578959735748,0.6
Mirza Basic,491.0,34.595,1353.4997658980826,0.2,6.2,1472.4766958047678,0.3333333333333333,1420.8922909210528,0.3,1373.3684815880774,0.1
Mischa Zverev,280.0,33.582,1398.8264623068903,0.3,6.0,1530.3296044019671,0.5,1399.535328731902,0.3,1394.0451906241483,0.2
Mitchell Krueger,159.0,31.502,1494.4700924673261,0.3,8.6,1433.7965302614118,0.5,1518.5706982068166,0.5,1464.9600303220748,0.4
Moez Echargui,139.0,33.12,1487.2842800925835,0.42857142857142855,6.857142857142857,1500.0,0.5,1500.0,0.5,1511.1146274645153,0.5
Mohamed Safwat,358.0,33.372,1481.355335024589,0.4,8.0,1500.0,0.5,1572.793358939828,0.6666666666666666,1385.196612958842,0.14285714285714285
Mohsen Hossein Zade,2000.0,27.499,1500.0,0.5,5.0,1500.0,0.5,1500.0,0.5,1500.0,0.5
Moise Kouame,318.0,17.232,1563.8015206953592,0.5,10.166666666666666,1500.0,0.5,1531.2066752231742,0.6666666666666666,1507.6961728118595,0.5
Mubarak Shannan Zayid,2000.0,30.845,1411.7022890526207,0.0,11.0,1500.0,0.5,1500.0,0.5,1407.4000975134543,0.0
Muhammad Abid,2000.0,22.672,1500.0,0.5,5.0,1500.0,0.5,1500.0,0.5,1500.0,0.5
Muhammad Althaf Dhaifullah,2000.0,17.207,1500.0,0.5,5.0,1500.0,0.5,1500.0,0.5,1500.0,0.5
Muhammad Shoaib,2000.0,22.579,1450.1829944651843,0.5,5.0,1464.432486951679,0.5,1500.0,0.5,1500.0,0.5
Mukund Sasikumar,356.0,26.502,1429.2782543471128,0.5,5.0,1483.5075461679614,0.5,1500.0,0.5,1454.2324782258409,0.5
Murkel Dellien,183.0,26.992,1531.0822252644175,0.6666666666666666,3.6666666666666665,1500.0,0.5,1540.6861558469611,0.6666666666666666,1500.0,0.5
Murphy Cassone,185.0,22.93,1491.1047890837758,0.5,5.0,1500.0,0.5,1500.0,0.5,1492.7898699978211,0.5
Muzammil Murtaza,2000.0,21.311,1454.8718751773815,0.5,5.0,1454.8718751773815,0.5,1500.0,0.5,1500.0,0.5
N.Sriram Balaji,2000.0,33.881,1492.2630197230687,0.5,5.0,1517.8111189129745,0.5,1500.0,0.5,1500.0,0.5
Nam Hoang Ly,554.0,26.935,1517.6829093396286,0.5,5.0,1500.0,0.5,1500.0,0.5,1517.6829048704901,0.5
Nenad Zimonjic,2000.0,40.841,1459.139853997614,0.5,5.0,1500.0,0.5,1500.0,0.5,1454.1798112584152,0.5
Nerman Fatic,239.0,30.886,1471.521187472097,0.3333333333333333,6.666666666666667,1500.0,0.5,1464.8940306868724,0.5,1482.350189657951,0.5
Nicholas David Ionel,265.0,21.311,1500.0,0.5,5.0,1500.0,0.5,1500.0,0.5,1500.0,0.5
Nick Chappell,432.0,30.439,1460.5053284901737,0.5,5.0,1500.0,0.5,1500.0,0.5,1465.2331497267212,0.5
Nick Hardt,191.0,23.817,1480.8986327292405,0.4,6.6,1500.0,0.5,1509.6742527310564,0.5,1452.0571946235095,0.5
Nick Kyrgios,1092.0,31.124,1748.1014581629945,0.4,3.5,1742.8420871510239,0.8,1495.4521889625157,0.4,1776.272791537146,0.5
Nicola Kuhn,259.0,22.327,1420.5602731561057,0.3,7.3,1478.0427509636809,0.5,1471.9934348836484,0.3333333333333333,1442.2615584726802,0.25
Nicolaas Scholtz,325.0,26.992,1493.2955789577356,0.6666666666666666,3.3333333333333335,1500.0,0.5,1500.0,0.5,1491.994020257489,0.6666666666666666
Nicolae Frunza,596.0,20.219,1484.0,0.5,5.0,1500.0,0.5,1500.0,0.5,1484.0,0.5
Nicolai Budkov Kjaer,140.0,19.652,1547.5072078708565,0.4,3.6,1500.0,0.5,1573.5625880454731,0.75,1464.0238170899459,0.3
Nicolas Almagro,661.0,32.92,1526.4247679863824,0.4,4.8,1500.0,0.5,1537.386117590067,0.5,1455.9371438608923,0.3333333333333333
Nicolas Alvarez,372.0,25.276,1499.683499381264,0.5,5.0,1500.0,0.5,1474.0796385193664,0.5,1500.0,0.5
Nicolas Alvarez Varona,231.0,21.396,1491.6890389776067,0.5,5.0,1500.0,0.5,1500.0,0.5,1509.6654261160322,0.5
Nicolas Arseneault,638.0,18.522,1491.9013849714595,0.5,5.0,1500.0,0.5,1500.0,0.5,1490.8230865716293,0.5
Nicolas Barrientos,510.0,35.781,1467.1887400775993,0.5,5.0,1500.0,0.5,1500.0,0.5,1500.0,0.5
Nicolas Jarry,155.0,30.374,1542.73152725546,0.4,6.3,1543.2341861237553,0.5,1474.1706099858454,0.2,1495.245135590892,0.3
Nicolas Kicker,203.0,29.517,1406.6650609921294,0.2,6.3,1483.1437550015924,0.5,1414.8326522212976,0.3,1493.8614452064583,0.4
Nicolas Mahut,239.0,39.034,1577.320550533943,0.4,6.7,1427.006378025011,0.2857142857142857,1443.8822026740245,0.16666666666666666,1458.9943720254216,0.3
Nicolas Mejia,177.0,26.01,1342.3187110864242,0.1,8.0,1500.0,0.5,1482.6155825267422,0.25,1349.768379705876,0.0
Nicolas Moreno De Alboran,149.0,27.808,1515.080980449523,0.4,5.3,1500.0,0.5,1526.35341371057,0.4,1464.8466542436024,0.2
Nik Razborsek,700.0,26.42,1485.1300405221798,0.5,5.0,1483.3674102103403,0.5,1500.0,0.5,1500.0,0.5
Niki Kaliyanda Poonacha,795.0,28.772,1515.0281663485782,0.5,5.0,1514.367753456884,0.5,1500.0,0.5,1500.0,0.5
Nikita Mashtakov,1558.0,18.056,1485.652795468155,0.5,5.0,1500.0,0.5,1486.033913559556,0.5,1500.0,0.5
Nikola Mektic,2000.0,30.905,1440.43231560056,0.5,5.0,1500.0,0.5,1500.0,0.5,1440.43231560056,0.5
Nikola Milojevic,136.0,26.62,1532.5884776902328,0.4,7.9,1500.0,0.5,1527.5943341590478,0.4,1516.388777019656,0.5
Nikolas Sanchez Izquierdo,260.0,25.183,1500.0,0.5,5.0,1500.0,0.5,1500.0,0.5,1500.0,0.5
Nikoloz Basilashvili,118.0,34.308,1550.3819219363838,0.4,4.7,1578.543823027623,0.5,1525.4860259105312,0.4,1467.7155230853957,0.4
Nino Serdarusic,307.0,26.437,1443.7913225635716,0.25,5.375,1500.0,0.5,1440.4020745961088,0.25,1454.3429951192006,0.0
Nishesh Basavareddy,148.0,21.068,1597.9280978528432,0.5,7.6,1419.7825061995288,0.5,1471.1029036904265,0.4,1615.0722636438252,0.6
Noah Rubin,306.0,25.503,1421.9540473344991,0.3,8.7,1500.0,0.5,1457.8864378468118,0.25,1483.5539953655507,0.4
Norbert Gombos,300.0,35.507,1495.6699958856389,0.3,6.7,1401.1033438923962,0.0,1528.4954861763104,0.5,1405.2812425420955,0.4
Novak Djokovic,4.0,39.02,2055.203766339184,0.7,8.6,2006.3704825996508,0.8,1955.146036199322,0.8,2073.6693540543606,0.9
Nuno Borges,54.0,29.317,1651.8946782930511,0.5,5.8,1491.185791681775,0.5,1630.3016140355282,0.5,1593.9273326444243,0.3
Ofek Shimanov,1210.0,20.619,1486.751597762902,0.5,5.0,1500.0,0.5,1500.0,0.5,1482.6711946184907,0.5
Ognjen Milic,462.0,18.652,1488.6686803374746,0.5,5.0,1500.0,0.5,1487.745437498082,0.5,1500.0,0.5
Olaf Pieczkowski,484.0,21.448,1474.8941723806881,0.5,5.0,1500.0,0.5,1500.0,0.5,1475.316041243278,0.5
Oleksandr Ovcharenko,498.0,24.329,1500.0,0.5,5.0,1500.0,0.5,1500.0,0.5,1500.0,0.5
Oleksii Krutykh,569.0,25.933,1408.8148923043843,0.0,11.75,1500.0,0.5,1485.7733637330396,0.5,1427.648726596851,0.0
Oliver Crawford,248.0,26.168,1485.9569053010457,0.5,5.0,1482.1348008669363,0.5,1500.0,0.5,1500.0,0.5
Oliver Ojakaar,939.0,19.091,1517.402373648406,0.5,5.0,1500.0,0.5,1530.5304984710244,0.5,1500.0,0.5
Oliver Tarvet,733.0,21.67,1517.1199803114157,0.5,5.0,1516.0,0.5,1500.0,0.5,1500.0,0.5
Olle Wallin,408.0,24.315,1482.7821412997635,0.5,5.0,1500.0,0.5,1500.0,0.5,1482.5004070416676,0.5
Omar Alawadhi,2000.0,35.116,1487.7857726149289,0.5,5.0,1500.0,0.5,1500.0,0.5,1487.7857719909314,0.5
Omar Jasika,179.0,27.658,1451.7378547667267,0.5,5.0,1500.0,0.5,1500.0,0.5,1447.0779805606464,0.5
Omni Kumar,433.0,22.856,1505.9374069361966,0.5,4.75,1500.0,0.5,1500.0,0.5,1519.5406439014007,0.5
Orel Kimhi,787.0,22.067,1439.8337832524633,0.5,5.0,1500.0,0.5,1500.0,0.5,1439.4522849906232,0.5
Oriol Roca Batalla,310.0,30.059,1496.8991403185973,0.5,5.0,1500.0,0.5,1489.9786214512467,0.5,1500.0,0.5
Orlando Luz,278.0,23.608,1459.4570784097298,0.5,5.0,1500.0,0.5,1463.527939103653,0.5,1500.0,0.5
Oscar Otte,474.0,30.921,1460.0723432883237,0.3,6.8,1520.5734352093443,0.6,1516.9020363881134,0.6,1485.1554678340794,0.3
Osgar O'Hoisin,1015.0,27.417,1500.0,0.5,5.0,1500.0,0.5,1500.0,0.5,1500.0,0.5
Otto Virtanen,158.0,24.969,1574.6508689028217,0.4,6.5,1542.1772712312727,0.6666666666666666,1442.143769706262,0.3,1578.530429211515,0.4
Pablo Andujar,323.0,37.229,1421.6025656070542,0.2,9.9,1478.806737462577,0.3333333333333333,1440.1645300195107,0.2,1474.9034955483407,0.5
Pablo Carreno Busta,89.0,34.886,1714.5204085805951,0.5,5.8,1488.350784569802,0.4,1670.4793090141027,0.6,1598.4861367592305,0.3
Pablo Cuevas,148.0,36.389,1456.1027729001223,0.2,8.7,1463.1569823135408,0.25,1487.7517739995965,0.2,1460.6946498118248,0.4
Pablo Llamas Ruiz,122.0,23.611,1620.2933682867722,0.4,7.5,1500.0,0.5,1588.1023407126677,0.5,1521.318887279162,0.5
Palaphoom Kovapitukted,1398.0,18.779,1490.4595974328813,0.5,5.0,1500.0,0.5,1514.8227384491233,0.5,1462.931368569492,0.5
Paolo Lorenzi,171.0,39.573,1384.4034867878015,0.3,8.8,1410.2180307894002,0.25,1353.1251077710397,0.1,1484.69970190572,0.4
Patrick Kaukovalta,782.0,24.972,1500.0,0.5,5.0,1500.0,0.5,1500.0,0.5,1500.0,0.5
Patrick Kypson,89.0,26.522,1400.286329367751,0.1,5.2,1500.0,0.5,1415.7490051987922,0.0,1472.0227951093964,0.4
Patrick Tierro,2000.0,31.682,1500.0,0.5,5.0,1500.0,0.5,1500.0,0.5,1500.0,0.5
Patrick Zahraj,283.0,25.993,1500.0,0.5,5.0,1500.0,0.5,1500.0,0.5,1500.0,0.5
Patrik Niklas-Salminen,491.0,24.537,1508.407944041734,0.5,5.0,1500.0,0.5,1500.0,0.5,1477.217563877669,0.5
Patrik Rosenholm,531.0,28.917,1485.4351680362743,0.5,5.0,1500.0,0.5,1500.0,0.5,1485.4351680362743,0.5
Paul Jubb,201.0,24.668,1520.4384727398883,0.375,6.125,1467.765804994927,0.375,1500.0,0.5,1500.0,0.5
Paul-Henri Mathieu,252.0,35.682,1336.5421779692676,0.1111111111111111,8.333333333333334,1500.0,0.5,1427.5507074530133,0.0,1422.914643959879,0.2
Pavel Kotov,107.0,26.366,1473.9322200599938,0.3,10.4,1509.2042033898588,0.6666666666666666,1593.3617904249347,0.5,1459.929292422716,0.3
Pedja Krstin,284.0,26.71,1532.7577301156673,0.6666666666666666,4.666666666666667,1500.0,0.5,1524.3415576032342,0.6666666666666666,1500.0,0.5
Pedro Cachin,110.0,29.259,1441.2950129022415,0.2,9.0,1469.14276433241,0.5,1493.1911579303594,0.2,1369.1676682042912,0.1
Pedro Martinez,125.0,28.966,1432.956801206196,0.2,6.2,1402.201374347047,0.1,1505.9651658041498,0.3,1412.772184971014,0.2
Pedro Sakamoto,389.0,25.659,1488.0579984742483,0.5,5.0,1500.0,0.5,1489.5143067754175,0.5,1500.0,0.5
Pedro Sousa,475.0,34.85,1376.3827227376023,0.2,8.2,1500.0,0.5,1413.5883163762937,0.4,1461.2619856184465,0.25
Peter August Anker,2000.0,18.672,1500.0,0.5,5.0,1500.0,0.5,1500.0,0.5,1500.0,0.5
Peter Bothwell,840.0,22.352,1500.0,0.5,5.0,1500.0,0.5,1500.0,0.5,1500.0,0.5
Peter Gojowczyk,108.0,33.123,1440.9238086871117,0.2,8.3,1500.912541193819,0.5,1426.7338350125756,0.2,1446.2299821653994,0.2
Peter Nagy,2000.0,26.877,1497.4595824836015,0.5,5.0,1500.0,0.5,1500.0,0.5,1496.6942779991457,0.5
Peter Polansky,172.0,31.138,1388.6041158365745,0.2,7.8,1485.3216061243147,0.5,1469.5567388176328,0.5,1405.8730575292968,0.3
Peter Torebko,381.0,31.425,1500.0,0.5,5.0,1500.0,0.5,1500.0,0.5,1500.0,0.5
Petr Nesterov,413.0,21.525,1512.7177102605783,0.5,5.0,1500.0,0.5,1481.8671817019292,0.5,1516.0,0.5
Petros Chrysochos,1410.0,27.822,1465.3394979363954,0.3333333333333333,9.0,1500.0,0.5,1500.0,0.5,1473.0302556037057,0.5
Petros Tsitsipas,2000.0,24.005,1461.5288936738712,0.25,7.5,1500.0,0.5,1500.1931557274095,0.5,1483.5955797999234,0.5
Philip Henning,360.0,23.844,1503.4764904787908,0.6666666666666666,3.6666666666666665,1500.0,0.5,1464.9778226685344,0.5,1518.9965750957335,0.5
Philip Sekulic,298.0,20.074,1515.021790687913,0.5,5.0,1500.0,0.5,1500.0,0.5,1506.63769355882,0.5
Philipp Kohlschreiber,132.0,38.524,1523.5366241761565,0.4,7.7,1514.743784156159,0.5,1520.8373880308222,0.3,1527.527139938007,0.3
Pierre-Hugues Herbert,232.0,35.225,1444.051247270222,0.2,7.4,1490.4074976532547,0.5,1429.367235662436,0.2,1554.114159391006,0.5
Prajnesh Gunneswaran,228.0,32.219,1376.0494868329188,0.3,7.8,1433.01653670851,0.2857142857142857,1480.3090910245323,0.5,1375.9996399186155,0.3
Quentin Halys,92.0,29.618,1657.8296267862977,0.5,6.4,1511.1612555476877,0.4,1614.2464575520996,0.5,1626.3513874985952,0.5
Radek Stepanek,102.0,38.138,1534.2146808239036,0.6666666666666666,8.333333333333334,1500.0,0.5,1500.0,0.5,1534.2146808239036,0.6666666666666666
Radu Albot,223.0,35.384,1520.9196450975946,0.3,8.6,1372.057154185001,0.1,1532.1970433721783,0.5,1529.8744225295645,0.3
Radu David Turcanu,659.0,20.041,1520.7072908051111,0.5,5.0,1500.0,0.5,1516.644359089639,0.5,1500.0,0.5
Rafael Arevalo,2000.0,30.76,1500.0,0.5,5.0,1500.0,0.5,1500.0,0.5,1500.0,0.5
Rafael Eduardo Gonzalez Retana,2000.0,18.023,1484.0,0.5,5.0,1500.0,0.5,1500.0,0.5,1484.0,0.5
Rafael Jodar,29.0,19.707,1947.0365271704525,0.8,7.2,1500.0,0.5,1869.963156032001,0.8,1596.8240953031918,0.5
Rafael Nadal,154.0,38.464,1836.7074631001685,0.6,9.7,1776.4905708236327,0.9,1904.227539687545,0.6,1800.3324074126476,0.4
Rajeev Ram,235.0,33.331,1523.1508083361093,0.6666666666666666,5.333333333333333,1500.0,0.5,1516.736306793522,0.5,1500.0,0.5
Ramkumar Ramanathan,332.0,29.9,1400.0200268382378,0.3,4.7,1616.2987137885707,0.7,1488.8443375425486,0.5,1257.9174171953005,0.0
Raphael Calzi,2000.0,28.583,1484.0,0.5,5.0,1500.0,0.5,1500.0,0.5,1484.0,0.5
Raphael Collignon,51.0,24.43,1784.6315909563584,0.7,5.2,1551.3927902593618,0.6666666666666666,1587.7448879062285,0.5,1731.6805048281838,0.5
Raul Brancaccio,241.0,29.038,1460.88219410694,0.5,5.0,1500.0,0.5,1455.0234238160062,0.5,1500.0,0.5
Rayane Roumane,431.0,19.012,1488.31812530784,0.5,5.0,1500.0,0.5,1500.0,0.5,1482.4112642937025,0.5
Raymond Sarmiento,705.0,27.069,1491.9252724030732,0.5,5.0,1500.0,0.5,1500.0,0.5,1488.5247107031907,0.5
Reda Bennani,555.0,19.118,1477.4319648965504,0.5,5.0,1500.0,0.5,1480.7056906787232,0.5,1500.0,0.5
Reda El Amrani,667.0,28.893,1500.0,0.5,5.0,1500.0,0.5,1500.0,0.5,1500.0,0.5
Rei Sakamoto,164.0,19.74,1450.1863995858653,0.16666666666666666,6.666666666666667,1500.0,0.5,1500.0,0.5,1445.767013799102,0.16666666666666666
Reilly Opelka,76.0,28.736,1613.3846453010394,0.4,4.4,1557.394676338826,0.6,1466.9347132014375,0.2,1689.2250104867926,0.6
Remy Bertola,268.0,27.138,1500.0,0.5,5.0,1500.0,0.5,1500.0,0.5,1500.0,0.5
Renzo Olivo,179.0,29.938,1422.5380062917586,0.5,8.3,1484.0,0.5,1476.4838065354904,0.5,1421.7344042629547,0.25
Ricardas Berankis,248.0,33.621,1577.1183611945908,0.3,6.4,1527.7339572989047,0.4,1431.118212870162,0.3,1592.0534299278474,0.5
Ricardo Ojeda Lara,206.0,25.257,1501.4090930482614,0.5,6.25,1500.0,0.5,1467.5022351034972,0.5,1503.679785253458,0.5
Ricardo Rodriguez - Pace,591.0,28.392,1570.5344831511343,0.625,9.5,1500.0,0.5,1503.9869169378428,0.5,1570.5333397987283,0.6666666666666666
Riccardo Bellotti,204.0,25.739,1500.0,0.5,5.0,1500.0,0.5,1500.0,0.5,1500.0,0.5
Riccardo Bonadio,181.0,29.722,1510.128247110305,0.5,5.0,1500.0,0.5,1507.6210183991273,0.5,1500.0,0.5
Richard Gasquet,166.0,38.938,1513.9439585197506,0.4,6.7,1493.3196903065211,0.4,1474.4857879526571,0.3,1489.8951553085053,0.3
Rigele Te,636.0,26.93,1479.6256365462148,0.5,5.0,1500.0,0.5,1500.0,0.5,1459.1535961603756,0.5
Rinky Hijikata,104.0,25.317,1664.6169645700645,0.5,5.7,1532.0651702204252,0.4,1334.9635143425562,0.1,1639.1885838294922,0.5
Rio Noguchi,291.0,23.765,1504.7780403083616,0.5,5.0,1500.0,0.5,1500.0,0.5,1501.3027925533324,0.5
Robert Strombachs,346.0,24.383,1447.1035200886326,0.5,5.0,1500.0,0.5,1500.0,0.5,1448.3735409404524,0.5
Roberto Bautista Agut,116.0,38.152,1523.7336547958018,0.3,6.3,1653.2814950013642,0.6,1507.749845522458,0.3,1572.900530035795,0.3
Roberto Carballes Baena,175.0,32.906,1521.5212299052887,0.3,9.3,1403.3836879601424,0.3,1522.7558974888036,0.4,1559.1526653413773,0.3
Roberto Cid Subervi,2000.0,28.049,1414.2492576587877,0.2,10.4,1500.0,0.5,1500.0,0.5,1404.0034168382927,0.0
Roberto Marcora,208.0,32.096,1509.1087895421508,0.5,4.833333333333333,1500.0,0.5,1481.0464538579247,0.5,1522.7088189300753,0.6
Roberto Quiroz,381.0,30.026,1464.2042733417709,0.5,5.6,1500.0,0.5,1473.107161798501,0.3333333333333333,1499.1476528018386,0.5
Robin Haase,1199.0,37.314,1557.3573080297956,0.5,6.8,1474.2023432069398,0.5,1491.288983410584,0.4,1536.8658308495608,0.4
Rodrigo Arus,2000.0,22.954,1500.0,0.5,5.0,1500.0,0.5,1500.0,0.5,1500.0,0.5
Rodrigo Crespo Piedra,2000.0,22.675,1484.5728462110828,0.5,5.0,1500.0,0.5,1500.0,0.5,1482.9655558773727,0.5
Rodrigo Pacheco Mendez,218.0,20.838,1468.2497521094047,0.4,5.5,1500.0,0.5,1516.0,0.5,1421.2900643094729,0.3
Roey Tabet,2000.0,19.743,1484.0,0.5,5.0,1500.0,0.5,1484.0,0.5,1500.0,0.5
Roger Federer,8.0,39.888,1920.0217082713468,0.6,6.4,1862.4710462863095,0.8,1741.588312139777,0.8,1989.6450885549466,0.7
Rogerio Dutra Silva,138.0,35.017,1393.9232978246455,0.4,6.5,1455.8024392645734,0.5,1423.1623431603143,0.4,1395.6912058300022,0.2
Romain Arneodo,2000.0,32.112,1512.0496145937195,0.5,5.0,1500.0,0.5,1511.5523194382076,0.5,1500.0,0.5
Roman Andres Burruchaga,68.0,24.342,1623.2423446622997,0.5,8.2,1500.0,0.5,1579.6541299433318,0.5,1500.0,0.5
Roman Khassanov,707.0,21.405,1484.0,0.5,5.0,1500.0,0.5,1500.0,0.5,1484.0,0.5
Roman Safiullin,135.0,28.838,1562.130639791254,0.4,7.9,1488.9721805380987,0.3,1489.9677743448156,0.2,1594.39281804138,0.5
Rowland Phillips,2000.0,30.029,1485.5915809500177,0.5,5.0,1500.0,0.5,1500.0,0.5,1500.0,0.5
Ruan Roelofse,787.0,31.833,1483.3533493347938,0.5,5.0,1500.0,0.5,1500.0,0.5,1480.715997489843,0.5
Ruben Bemelmans,221.0,33.678,1437.9922507599765,0.2,8.2,1512.2158332941478,0.5,1515.9982480490116,0.5,1373.2213100274073,0.1
Rubin Statham,2000.0,37.391,1449.2566066675813,0.375,5.5,1469.0735988038343,0.5,1500.0,0.5,1501.9847377270762,0.5
Rudolf Molleker,197.0,23.718,1446.4917783104781,0.3,7.9,1434.1545237883845,0.25,1456.8759683678668,0.4,1489.7110862208276,0.5
Ryan Harrison,481.0,28.663,1494.1300856644946,0.4,6.9,1402.840615550627,0.25,1434.0582853339545,0.3,1487.4604029963896,0.3
Ryan Peniston,268.0,27.644,1560.798003476623,0.5,6.3,1496.8006113835183,0.6,1500.0,0.5,1475.3892867776033,0.5
Saba Purtseladze,427.0,23.069,1471.2610747098042,0.5,5.0,1500.0,0.5,1500.0,0.5,1469.4920044308874,0.5
Saketh Myneni,192.0,29.207,1484.0339081301693,0.5,5.0,1500.0,0.5,1500.0,0.5,1484.0339081301693,0.5
Salvatore Caruso,146.0,29.09,1360.2004290623254,0.1,9.2,1427.276308015448,0.0,1340.5224439244257,0.1,1474.4966899774158,0.3
Sam Groth,201.0,29.744,1412.758258113214,0.2,6.2,1500.0,0.5,1500.0,0.5,1424.875787313026,0.25
Sam Querrey,287.0,34.894,1498.8888803591954,0.4,4.3,1554.8307439716507,0.4,1476.4712370359644,0.5,1364.6340470454722,0.1
Sam Riffice,542.0,22.5,1491.3844350637935,0.5,5.0,1500.0,0.5,1500.0,0.5,1493.2203498551216,0.5
Sandro Ehrat,408.0,30.253,1414.5544187593066,0.0,6.0,1500.0,0.5,1436.5400848298052,0.5,1482.5280596086936,0.5
Sanjar Fayziev,510.0,27.598,1366.4055670963971,0.0,10.125,1487.7665994870713,0.5,1500.0,0.5,1364.9987679120457,0.0
Santiago Giraldo,292.0,32.274,1402.1449111340066,0.4,8.9,1500.0,0.5,1481.0617635577137,0.5,1335.5160073201428,0.125
Santiago Rodriguez Taverna,200.0,22.853,1496.3119347932088,0.5,5.0,1500.0,0.5,1488.3072669121248,0.5,1500.0,0.5
Sarp Agabigun,867.0,20.646,1516.0,0.5,5.0,1500.0,0.5,1500.0,0.5,1516.0,0.5
Scott Griekspoor,224.0,27.677,1500.0,0.5,5.0,1500.0,0.5,1500.0,0.5,1500.0,0.5
Sebastian Arcila,2000.0,19.608,1500.0,0.5,5.0,1500.0,0.5,1500.0,0.5,1500.0,0.5
Sebastian Baez,64.0,25.407,1600.0204598030514,0.3,8.4,1408.9745546382674,0.3,1516.6723723045116,0.3,1714.249496016513,0.7
Sebastian Dominko,1069.0,22.76,1453.3635586136966,0.25,4.75,1500.0,0.5,1428.2601428393978,0.5,1482.4365066915339,0.5
Sebastian Fanselow,316.0,32.389,1500.0,0.5,5.0,1500.0,0.5,1500.0,0.5,1500.0,0.5
Sebastian Korda,36.0,25.717,1887.848891639991,0.8,3.7,1691.5995809557073,0.7,1602.674154049455,0.5,1858.1551024151477,0.8
Sebastian Ofner,112.0,30.037,1515.3607357994915,0.2,5.8,1552.590011965823,0.4,1604.5101460936894,0.3,1413.644699340307,0.1
Sekou Bangoura,313.0,25.7,1478.785846581734,0.5,5.0,1500.0,0.5,1500.0,0.5,1481.6633671477564,0.5
Seongchan Hong,175.0,27.08,1352.5078805116877,0.0,8.625,1486.6379370028665,0.5,1500.0,0.5,1348.783497589701,0.0
Sergey Fomin,537.0,23.614,1411.5820332615885,0.0,7.666666666666667,1500.0,0.5,1500.0,0.5,1418.6661643674768,0.0
Sergiy Stakhovsky,216.0,35.888,1434.3427713270494,0.4,7.8,1481.4842029318843,0.42857142857142855,1434.8919891069618,0.3333333333333333,1451.0031689436805,0.4
Shahin Khaledan,1331.0,27.661,1497.3249513256828,0.5,5.0,1500.0,0.5,1500.0,0.5,1497.3249513256828,0.5
Sharmal Dissanayake,1455.0,21.725,1518.6026552463502,0.5,5.0,1500.0,0.5,1516.0,0.5,1500.0,0.5
Shintaro Mochizuki,117.0,22.713,1393.9109092292617,0.2,9.1,1416.144064078386,0.0,1495.0913451118859,0.5,1366.8768866050727,0.2
Sho Shimabukuro,97.0,28.882,1595.046487633681,0.4,3.8,1561.5774266052642,0.6,1500.0,0.5,1491.0211805721817,0.3
Siim Troost,1580.0,21.78,1484.0,0.5,5.0,1500.0,0.5,1500.0,0.5,1484.0,0.5
Simen Sunde Bratholm,1488.0,18.921,1469.4695015289756,0.5,5.0,1500.0,0.5,1500.0,0.5,1469.4695015289756,0.5
Simon Carr,895.0,18.242,1486.731890031202,0.5,5.0,1500.0,0.5,1500.0,0.5,1486.7690027423087,0.5
Simone Bolelli,187.0,33.632,1526.3932039130775,0.5,8.0,1488.1649721754745,0.5,1585.055435610286,0.5555555555555556,1438.9034481845583,0.25
Sina Moghimi,1086.0,22.634,1500.0,0.5,5.0,1500.0,0.5,1500.0,0.5,1500.0,0.5
Siu Chi Nicholas Cheng,262.0,17.879,1488.9655532160975,0.5,5.0,1500.0,0.5,1500.0,0.5,1485.4880470226642,0.5
Skander Mansouri,681.0,29.144,1472.6455283895116,0.5,5.0,1500.0,0.5,1500.0,0.5,1494.7896509496736,0.5
Skyler Butts,1221.0,24.378,1500.0,0.5,5.0,1500.0,0.5,1500.0,0.5,1500.0,0.5
Soonwoo Kwon,343.0,28.203,1597.1003390761568,0.3,8.6,1500.7751081053486,0.5,1531.3573135742938,0.4,1582.8868022568586,0.2
Soren Hess-Olesen,943.0,27.069,1471.6810996439742,0.5,5.0,1500.0,0.5,1500.0,0.5,1468.6245767208238,0.5
Soufiane El Mesbahi,1533.0,17.12,1500.0,0.5,5.0,1500.0,0.5,1500.0,0.5,1500.0,0.5
Stan Wawrinka,113.0,41.158,1559.7953429249717,0.4,6.7,1484.8697218714099,0.5,1434.0779775843132,0.2,1624.593040123213,0.5
Stefan Dostanic,389.0,23.8,1512.326656792611,0.5,5.0,1500.0,0.5,1500.0,0.5,1513.359962136219,0.5
Stefan Kozlov,108.0,24.63,1435.5062776247942,0.3,12.6,1432.1051204120852,0.3333333333333333,1485.985919018915,0.5,1455.748406713344,0.4
Stefan Palosi,445.0,26.048,1483.4798354745762,0.5,5.0,1500.0,0.5,1483.584267965083,0.5,1500.0,0.5
Stefano Napolitano,125.0,29.262,1483.9216265677553,0.3333333333333333,7.333333333333333,1493.4182897139929,0.5,1517.0064103511177,0.42857142857142855,1500.0,0.5
Stefano Travaglia,233.0,31.666,1415.4520837605014,0.3,6.1,1459.3040187431404,0.2,1431.1680274846456,0.3,1478.1223191189708,0.3
Stefanos Sakellaridis,225.0,21.552,1452.2501848070117,0.25,8.125,1500.0,0.5,1529.9594633552977,0.5,1427.1503049973576,0.16666666666666666
Stefanos Tsitsipas,79.0,27.795,1710.545165206139,0.5,6.3,1552.748287756942,0.6,1714.7777168717012,0.5,1741.5794488577064,0.6
Stephane Robert,661.0,39.655,1338.1868944809542,0.2,7.7,1477.7465904088106,0.5,1428.5879228722752,0.0,1371.014071197214,0.125
Steve Darcis,157.0,35.808,1426.919014774457,0.2,8.1,1419.2625394572028,0.2857142857142857,1434.7185484495108,0.3333333333333333,1467.941515486576,0.2
Steve Johnson,246.0,34.116,1509.3832380234192,0.3,5.0,1549.8715839325525,0.4,1521.776008549172,0.4,1467.4519716694715,0.3
Steven Diez,314.0,32.794,1361.6686435558422,0.125,8.875,1500.0,0.5,1366.5417473664193,0.16666666666666666,1457.7686242340028,0.5
Strong Kirchheimer,511.0,29.317,1464.000764995922,0.5,5.0,1500.0,0.5,1500.0,0.5,1471.1712706889143,0.5
Stylianos Christodoulou,1114.0,19.247,1486.8718751773815,0.5,5.0,1500.0,0.5,1500.0,0.5,1516.0,0.5
Sumit Nagal,292.0,28.657,1383.6512245472368,0.2,9.4,1485.2713579347428,0.5,1456.3808148655544,0.3,1364.774568200009,0.2
Sylvestre Monnou,2000.0,19.28,1516.0,0.5,5.0,1500.0,0.5,1500.0,0.5,1516.0,0.5
Tadas Babelis,1582.0,20.553,1457.4702667618208,0.5,5.0,1500.0,0.5,1484.0,0.5,1500.0,0.5
Taha Baadi,587.0,24.701,1477.3529248481505,0.3333333333333333,5.666666666666667,1500.0,0.5,1472.8598030831986,0.3333333333333333,1500.0,0.5
Takanyi Garanganga,451.0,27.896,1471.9295566958926,0.5,5.0,1500.0,0.5,1500.0,0.5,1474.819786410667,0.5
Tallon Griekspoor,40.0,29.955,1621.674142528321,0.3,7.4,1652.6299915298307,0.6,1573.0989276402972,0.3,1750.032099619707,0.6
Tao Mu,573.0,23.395,1483.5094796579929,0.5,5.0,1500.0,0.5,1500.0,0.5,1487.052512392719,0.5
Taro Daniel,168.0,32.638,1369.6535416418553,0.2,5.6,1333.3294464531737,0.0,1435.6809919765221,0.3,1398.5386160470928,0.2
Tatsuma Ito,146.0,31.674,1359.1880569517295,0.0,9.0,1483.3312356809845,0.5,1500.0,0.5,1383.6702446132192,0.0
Taylor Fritz,9.0,28.646,1896.8562223907684,0.7,4.2,1910.0091229633608,0.8,1645.4966577281455,0.4,1797.4994924544953,0.7
Temur Ismailov,406.0,22.229,1499.309619364362,0.5,5.0,1500.0,0.5,1500.0,0.5,1499.309619364362,0.5
Tennys Sandgren,281.0,32.542,1475.9731405837592,0.3,6.6,1518.0151375306677,0.6,1389.2316242894606,0.2,1438.2814361115072,0.2
Terence Atmane,53.0,24.435,1670.5875794149279,0.4,5.4,1502.3145750729734,0.5,1532.5286386376415,0.5,1651.2418433128862,0.6
Teymuraz Gabashvili,229.0,32.4,1422.017884118979,0.5,5.0,1500.0,0.5,1500.0,0.5,1453.5824332131713,0.5
Thabo Ncube,2000.0,20.613,1482.2248560279306,0.5,5.0,1500.0,0.5,1484.0,0.5,1500.0,0.5
Thai-Son Kwiatkowski,477.0,28.517,1377.0012711570537,0.0,7.166666666666667,1500.0,0.5,1500.0,0.5,1393.6490262887892,0.0
Thanapet Chanta,938.0,24.402,1500.0,0.5,5.0,1500.0,0.5,1500.0,0.5,1500.0,0.5
Thanasi Kokkinakis,855.0,30.127,1821.4329335407865,0.7,8.3,1485.5485128175492,0.42857142857142855,1541.229537255036,0.5,1758.2660348217273,0.6
Theo Papamalamis,721.0,18.817,1489.2818003809327,0.5,5.0,1500.0,0.5,1500.0,0.5,1483.2457527135746,0.5
Thiago Agustin Tirante,60.0,25.133,1811.256593160618,0.7,4.1,1500.0,0.5,1758.8999227182644,0.7,1561.2734291853203,0.5
Thiago Monteiro,208.0,31.721,1449.635836621593,0.2,7.6,1419.575013269341,0.25,1539.405148172409,0.4,1429.253615713199,0.2
Thiago Seyboth Wild,197.0,25.922,1572.784562525718,0.4,6.9,1499.5141524731116,0.5,1592.133261390844,0.5,1507.0943042591655,0.3
Thiemo de Bakker,224.0,30.721,1487.2491918182952,0.3333333333333333,10.833333333333334,1500.0,0.5,1503.4445191435689,0.5,1489.6304442570029,0.3333333333333333
Thijs Boogaard,779.0,17.936,1518.84586447314,0.5,5.0,1519.3906354463352,0.5,1500.0,0.5,1488.330613138099,0.5
Thomas Fabbiano,192.0,32.723,1391.2198625309486,0.1,11.3,1545.7248435651015,0.6,1383.5450186243393,0.3,1339.9782722789407,0.1
Thomas Fancutt,562.0,25.936,1500.0,0.5,5.0,1500.0,0.5,1500.0,0.5,1500.0,0.5
Thomas Faurel,378.0,20.342,1500.0,0.5,5.0,1500.0,0.5,1500.0,0.5,1500.0,0.5
Thomaz Bellucci,915.0,35.143,1334.0802526059479,0.2,9.5,1453.6963148308137,0.5,1402.7794291428067,0.3,1387.5295742721144,0.16666666666666666
Ti Chen,322.0,34.338,1500.0,0.5,5.0,1500.0,0.5,1500.0,0.5,1500.0,0.5
Tilen Zitnik,1644.0,25.766,1500.0,0.5,5.0,1500.0,0.5,1500.0,0.5,1500.0,0.5
Tim Smyczek,282.0,31.573,1341.4582472330703,0.4,9.7,1533.801230297564,0.5,1472.76230352799,0.5,1341.3741224351213,0.3
Tim van Rijthoven,871.0,27.129,1558.3889432676804,0.3,6.1,1634.9926188945822,0.8,1500.0,0.5,1462.5271655598401,0.2857142857142857
Timofey Skatov,202.0,25.191,1516.77855971616,0.4,7.9,1500.0,0.5,1573.3016050443568,0.5714285714285714,1461.5663672634016,0.2222222222222222
Titouan Droguet,107.0,24.939,1616.0136484904465,0.7,4.1,1500.0,0.5,1535.1397546597502,0.5,1577.706756500664,0.6666666666666666
Tobias Kamke,231.0,33.265,1508.9963434929114,0.5,7.5,1535.719080068997,0.5,1500.0,0.5,1464.1232613449704,0.5
Toby Samuel,144.0,23.775,1493.5002133255196,0.5,5.0,1500.0,0.5,1500.0,0.5,1500.0,0.5
Tom Gentzsch,229.0,22.76,1500.0,0.5,5.0,1500.0,0.5,1500.0,0.5,1500.0,0.5
Tom Kocevar-Desman,688.0,31.19,1468.0715593048865,0.5,5.0,1500.0,0.5,1500.0,0.5,1483.1043146217608,0.5
Tomas Barrios Vera,119.0,28.277,1469.0767852736162,0.4,8.0,1482.0097557446072,0.5,1500.135626470581,0.3,1428.0451072749847,0.25
Tomas Berdych,98.0,33.938,1639.6550651336236,0.4,7.5,1590.8128400829014,0.6,1528.9444540834315,0.5,1669.3690480582793,0.5
Tomas Machac,43.0,25.618,1779.279622893063,0.6,7.0,1497.1272842183325,0.42857142857142855,1682.8935334154235,0.6,1778.9140108060942,0.7
Tomas Martin Etcheverry,30.0,26.913,1730.5196444288547,0.4,5.8,1405.648283006219,0.3,1725.5427533289055,0.5,1692.3355442882885,0.6
Tomasz Berkieta,545.0,19.146,1495.1548355245275,0.5,5.0,1500.0,0.5,1500.0,0.5,1491.2343548373037,0.5
Tomislav Brkic,240.0,28.517,1500.0,0.5,5.0,1500.0,0.5,1500.0,0.5,1500.0,0.5
Tomislav Ternar,792.0,26.557,1485.402373648406,0.5,5.0,1500.0,0.5,1500.0,0.5,1485.402373648406,0.5
Tommy Haas,248.0,39.326,1402.8390327432453,0.3,9.6,1478.4277525139944,0.5,1429.9657051148743,0.4,1449.8532233996443,0.5
Tommy Paul,28.0,29.095,1919.627079482139,0.8,5.8,1743.8607088366164,0.8,1866.9194524357158,0.7,1868.8338820625704,0.8
Tommy Robredo,362.0,39.964,1386.5457583939733,0.2,6.5,1500.0,0.5,1378.055558397015,0.2,1479.557277298586,0.3333333333333333
Trent Bryde,1164.0,21.922,1500.0,0.5,5.0,1500.0,0.5,1500.0,0.5,1500.0,0.5
Trevor Svajda,363.0,19.817,1453.7796463033796,0.5,5.0,1500.0,0.5,1500.0,0.5,1447.354844184291,0.5
Tristan Boyer,113.0,24.342,1480.1439242260274,0.3,5.6,1500.0,0.5,1431.9253532074983,0.5,1540.8650362489493,0.4444444444444444
Tristan Lamasine,271.0,27.838,1483.1455071438957,0.3333333333333333,8.0,1500.0,0.5,1488.1750513365891,0.5,1463.606036707732,0.5
Tristan Schoolkate,118.0,25.018,1474.228290786796,0.3,6.6,1488.8865946116732,0.5,1500.0,0.5,1468.948073592089,0.3
Tsung-Hao Huang,490.0,26.231,1485.3409095359548,0.5,5.0,1500.0,0.5,1500.0,0.5,1483.923026494918,0.5
Tung-Lin Wu,373.0,27.762,1400.2537755570224,0.2,7.1,1500.0,0.5,1500.0,0.5,1379.9529764198542,0.2
Ugo Blanchet,174.0,27.091,1515.0694365811755,0.3,8.0,1500.0,0.5,1498.138561891057,0.5,1505.6583509303075,0.3333333333333333
Ugo Humbert,33.0,27.984,1770.3410723064699,0.7,5.2,1635.5708531156502,0.6,1529.5126000277755,0.5,1750.8212508903673,0.6
Ugo Nastasi,2000.0,24.802,1500.0,0.5,5.0,1500.0,0.5,1500.0,0.5,1500.0,0.5
Ulises Blanch,244.0,22.437,1491.4272381955698,0.5,5.0,1500.0,0.5,1500.0,0.5,1484.3308495006402,0.5
Vaclav Safranek,233.0,23.88,1444.4554126144094,0.5,5.0,1500.0,0.5,1484.0,0.5,1469.4037505542403,0.5
Valentin Royer,74.0,24.994,1469.7746010939525,0.2,8.8,1519.2698598119907,0.5,1436.5104385475413,0.2,1500.4773093674105,0.1
Valentin Vacherot,19.0,27.524,1854.8468083912285,0.6,7.0,1500.0,0.5,1652.3153081505293,0.5,1795.3188765379646,0.7
Vasek Pospisil,1250.0,35.094,1574.213224554584,0.4,4.2,1451.3956990768022,0.5,1453.171811578325,0.5,1552.4213687386164,0.4
Viacheslav Bielinskyi,498.0,20.167,1500.0,0.5,5.0,1500.0,0.5,1500.0,0.5,1500.0,0.5
Victor Estrella Burgos,198.0,37.952,1272.062971322733,0.1,7.8,1403.597610080236,0.0,1439.4295388936716,0.3,1414.5525943275754,0.16666666666666666
Viktor Durasovic,313.0,28.909,1413.9116317505475,0.2,7.6,1500.0,0.5,1500.0,0.5,1407.6171379600964,0.2
Viktor Galovic,197.0,28.819,1486.9298453795436,0.42857142857142855,7.285714285714286,1462.195599295936,0.5,1534.1495205748754,0.6,1500.0,0.5
Viktor Troicki,206.0,35.335,1426.9594170356945,0.3,7.1,1466.6597045189772,0.4,1482.8351841657955,0.5,1436.7568847777136,0.3
Vilius Gaubas,133.0,21.402,1633.1496160487193,0.6,5.3,1500.0,0.5,1574.3296885468867,0.5,1471.0787415915577,0.3333333333333333
Vincent Millot,291.0,32.496,1432.0030454588023,0.2857142857142857,12.0,1500.0,0.5,1500.0,0.5,1433.8389597308098,0.2857142857142857
Vit Kopriva,64.0,29.002,1687.9825326294435,0.5,6.3,1472.4170382047114,0.5,1653.4967582730646,0.6,1540.0034182603629,0.4
Vitaliy Sachko,208.0,28.747,1519.249942666829,0.3,8.4,1500.0,0.5,1429.1374302956835,0.0,1482.8151047112094,0.0
Vladimir Ivanov,717.0,34.439,1486.6802983119146,0.5,5.0,1500.0,0.5,1500.0,0.5,1484.0,0.5
Vladyslav Orlov,499.0,30.749,1492.8996327476655,0.5,5.0,1500.0,0.5,1500.0,0.5,1493.478679271997,0.5
Wilfredo Gonzalez,860.0,25.076,1530.5304984710244,0.5,5.0,1500.0,0.5,1500.0,0.5,1530.5304984710244,0.5
William Blumberg,773.0,24.454,1491.5518996613594,0.5,5.0,1487.2237313575354,0.5,1500.0,0.5,1500.0,0.5
William Rejchtman Vinciguerra,1476.0,18.423,1488.9377514635073,0.5,5.0,1500.0,0.5,1487.561617555808,0.5,1500.0,0.5
Wishaya Trongcharoenchaikul,780.0,28.824,1546.9056543505224,0.6,5.6,1501.4695015289756,0.5,1591.0465386586473,0.8333333333333334,1509.3019058372117,0.75
Xavier Lawrence,2000.0,19.116,1500.0,0.5,5.0,1500.0,0.5,1500.0,0.5,1500.0,0.5
Yan Bai,222.0,30.341,1500.0,0.5,5.0,1500.0,0.5,1500.0,0.5,1500.0,0.5
Yanaki Milev,713.0,21.41,1517.2936175630678,0.6666666666666666,8.333333333333334,1500.0,0.5,1538.2657527559043,0.5,1500.0,0.5
Yanki Erel,436.0,25.388,1511.0881767929236,0.5,5.0,1500.0,0.5,1500.0,0.5,1519.5435963121738,0.5
Yannick Hanfmann,59.0,34.595,1707.9123406914416,0.5,4.9,1498.3430614473095,0.3,1686.690200237778,0.5,1733.1604483852298,0.7
Yannick Maden,131.0,30.267,1479.3604976967233,0.4,9.1,1469.6482739746505,0.5,1483.0148730612923,0.42857142857142855,1469.2058360718422,0.4
Yaraslav Shyla,426.0,24.914,1478.9739341249683,0.5,5.0,1500.0,0.5,1484.0,0.5,1500.0,0.5
Yasitha De Silva,1674.0,22.59,1487.7409502972032,0.5,5.0,1500.0,0.5,1500.0,0.5,1500.0,0.5
Yassine Dlimi,1123.0,21.363,1510.2532937924343,0.5,5.0,1500.0,0.5,1484.0,0.5,1514.7604860047834,0.5
Yassir Kilani,2000.0,17.656,1500.0,0.5,5.0,1500.0,0.5,1500.0,0.5,1500.0,0.5
Yasutaka Uchiyama,160.0,32.12,1357.1961230900015,0.2,8.6,1425.6913238906166,0.5,1478.0930046738963,0.5,1396.5059943874214,0.3
Ye Cong Mo,668.0,23.233,1492.4051537732091,0.5,5.0,1500.0,0.5,1500.0,0.5,1494.2960269260557,0.5
Yen-Hsun Lu,625.0,37.873,1419.2240048615383,0.2,7.5,1444.359301841396,0.5,1463.659730903215,0.5,1412.2332575278008,0.3
Yi Zhou,305.0,20.531,1521.5969490830382,0.5,6.4,1500.0,0.5,1500.0,0.5,1512.6390112494305,0.5
Yibing Wu,101.0,26.656,1646.9522630765,0.5,7.3,1453.3772547129092,0.2,1471.5057624175984,0.4,1710.341509860277,0.6
Yoshihito Nishioka,131.0,30.385,1542.4467799110755,0.3,8.1,1410.956744067128,0.3,1545.1501249047144,0.4,1523.7550283951557,0.3
Yosuke Watanuki,166.0,27.844,1645.547625089265,0.6,4.9,1543.1315492623676,0.6666666666666666,1523.2016366906273,0.5,1634.7034031707203,0.6
Younes Lalami Laaroussi,1193.0,23.951,1440.3878233233847,0.5,5.0,1500.0,0.5,1436.7696304081278,0.5,1500.0,0.5
Yousaf Khalil,2000.0,25.457,1483.784751293967,0.5,5.0,1500.0,0.5,1500.0,0.5,1484.0203255354302,0.5
Youssef Hossam,311.0,19.844,1530.5304984710244,0.5,5.0,1500.0,0.5,1500.0,0.5,1530.5304984710244,0.5
Yshai Oliel,415.0,24.079,1430.1223037156628,0.25,6.5,1500.0,0.5,1500.0,0.5,1411.3342114733823,0.0
Yu Hsiou Hsu,230.0,24.841,1593.6507326061424,0.5,9.5,1500.0,0.5,1500.0,0.5,1587.4017050608666,0.5
Yuichi Sugita,131.0,32.947,1433.3455309998922,0.3,8.8,1482.087043271191,0.4,1365.1142128541396,0.1,1424.834810721673,0.3
Yuki Bhambri,571.0,30.585,1420.9407258857602,0.2,9.4,1447.8861662336785,0.0,1500.0,0.5,1451.1578496566783,0.3
Yun seong Chung,322.0,25.306,1458.048553384982,0.5,5.0,1486.2810264789634,0.5,1500.0,0.5,1485.1955638171812,0.5
Yunchaokete Bu,139.0,24.049,1503.191443500807,0.4,6.2,1450.9072180451062,0.5,1409.3369419657802,0.0,1504.7589541007173,0.4
Yusuke Takahashi,262.0,19.959,1500.0,0.5,5.0,1500.0,0.5,1500.0,0.5,1500.0,0.5
Yuta Shimizu,451.0,23.318,1527.8739306203415,0.5,5.0,1500.0,0.5,1500.0,0.5,1500.0,0.5
Zachary Svajda,69.0,23.543,1621.0821243212783,0.5,7.3,1465.0045893662505,0.5,1626.1042427276566,0.6666666666666666,1539.993933367356,0.4
Zdenek Kolar,119.0,25.714,1502.6704631905725,0.3333333333333333,9.666666666666666,1500.0,0.5,1482.509310894826,0.5,1500.0,0.5
Ze Zhang,338.0,29.259,1448.4173879016657,0.3,5.6,1500.0,0.5,1486.7386699865524,0.5,1440.3016501271886,0.25
Zhe Li,602.0,36.999,1424.3388434340297,0.14285714285714285,8.857142857142858,1500.0,0.5,1500.0,0.5,1419.3929605612127,0.14285714285714285
Zhizhen Zhang,214.0,29.654,1530.1297813543501,0.3,7.2,1589.0650144324607,0.6,1557.9207791004997,0.4,1543.4249107519117,0.4
Zizou Bergs,48.0,27.039,1586.7074493573637,0.3,6.6,1433.0960181118076,0.4,1458.958831642162,0.3,1693.2401608326961,0.5
Zsombor Piros,176.0,26.341,1552.3830382472454,0.5,8.3,1500.0,0.5,1471.7866046944935,0.4,1551.6491604244454,0.5
Zura Tkemaladze,721.0,23.666,1482.597626351594,0.5,5.0,1500.0,0.5,1500.0,0.5,1482.597626351594,0.5
otic van de Zandschulp,65.0,30.461,1500.0,0.5,5.0,1500.0,0.5,1500.0,0.5,1500.0,0.5
